// Auto-generated by Client\embed-driver.ps1 -- do not edit.
// Source: D:\PJ\KMDF Driver\x64\Release\LongsDriver.sys
#ifndef LONGS_DRIVER_BLOB_H
#define LONGS_DRIVER_BLOB_H
#include <cstddef>
namespace LongsDriverBlob {
static const unsigned char blob[] = {
0x4D,0x5A,0x90,0x00,0x03,0x00,0x00,0x00,0x04,0x00,0x00,0x00,0xFF,0xFF,0x00,0x00,
0xB8,0x00,0x00,0x00,0x00,0x00,0x00,0x00,0x40,0x00,0x00,0x00,0x00,0x00,0x00,0x00,
0x00,0x00,0x00,0x00,0x00,0x00,0x00,0x00,0x00,0x00,0x00,0x00,0x00,0x00,0x00,0x00,
0x00,0x00,0x00,0x00,0x00,0x00,0x00,0x00,0x00,0x00,0x00,0x00,0xE0,0x00,0x00,0x00,
0x0E,0x1F,0xBA,0x0E,0x00,0xB4,0x09,0xCD,0x21,0xB8,0x01,0x4C,0xCD,0x21,0x54,0x68,
0x69,0x73,0x20,0x70,0x72,0x6F,0x67,0x72,0x61,0x6D,0x20,0x63,0x61,0x6E,0x6E,0x6F,
0x74,0x20,0x62,0x65,0x20,0x72,0x75,0x6E,0x20,0x69,0x6E,0x20,0x44,0x4F,0x53,0x20,
0x6D,0x6F,0x64,0x65,0x2E,0x0D,0x0D,0x0A,0x24,0x00,0x00,0x00,0x00,0x00,0x00,0x00,
0xAF,0xEC,0x8F,0xD7,0xEB,0x8D,0xE1,0x84,0xEB,0x8D,0xE1,0x84,0xEB,0x8D,0xE1,0x84,
0x92,0x0C,0xE0,0x85,0xE8,0x8D,0xE1,0x84,0xEB,0x8D,0xE0,0x84,0xD0,0x8D,0xE1,0x84,
0x92,0x0C,0xE2,0x85,0xED,0x8D,0xE1,0x84,0x92,0x0C,0xE5,0x85,0xEC,0x8D,0xE1,0x84,
0x77,0x04,0xE5,0x85,0xE0,0x8D,0xE1,0x84,0x77,0x04,0xE4,0x85,0xE2,0x8D,0xE1,0x84,
0x77,0x04,0xE3,0x85,0xEA,0x8D,0xE1,0x84,0x52,0x69,0x63,0x68,0xEB,0x8D,0xE1,0x84,
0x00,0x00,0x00,0x00,0x00,0x00,0x00,0x00,0x00,0x00,0x00,0x00,0x00,0x00,0x00,0x00,
0x50,0x45,0x00,0x00,0x64,0x86,0x07,0x00,0x3C,0x9F,0xAE,0x6A,0x00,0x00,0x00,0x00,
0x00,0x00,0x00,0x00,0xF0,0x00,0x22,0x00,0x0B,0x02,0x0E,0x2C,0x00,0x6A,0x00,0x00,
0x00,0x2A,0x00,0x00,0x00,0x00,0x00,0x00,0x00,0x11,0x00,0x00,0x00,0x10,0x00,0x00,
0x00,0x00,0x00,0x40,0x01,0x00,0x00,0x00,0x00,0x10,0x00,0x00,0x00,0x02,0x00,0x00,
0x0A,0x00,0x00,0x00,0x0A,0x00,0x00,0x00,0x0A,0x00,0x00,0x00,0x00,0x00,0x00,0x00,
0x00,0xF0,0x00,0x00,0x00,0x04,0x00,0x00,0xE3,0x12,0x01,0x00,0x01,0x00,0x60,0x41,
0x00,0x00,0x10,0x00,0x00,0x00,0x00,0x00,0x00,0x10,0x00,0x00,0x00,0x00,0x00,0x00,
0x00,0x00,0x10,0x00,0x00,0x00,0x00,0x00,0x00,0x10,0x00,0x00,0x00,0x00,0x00,0x00,
0x00,0x00,0x00,0x00,0x10,0x00,0x00,0x00,0x00,0x00,0x00,0x00,0x00,0x00,0x00,0x00,
0x00,0xD0,0x00,0x00,0x28,0x00,0x00,0x00,0x00,0x00,0x00,0x00,0x00,0x00,0x00,0x00,
0x00,0xB0,0x00,0x00,0x84,0x03,0x00,0x00,0x00,0x00,0x00,0x00,0x00,0x00,0x00,0x00,
0x00,0xE0,0x00,0x00,0x34,0x00,0x00,0x00,0x28,0x88,0x00,0x00,0x38,0x00,0x00,0x00,
0x00,0x00,0x00,0x00,0x00,0x00,0x00,0x00,0x00,0x00,0x00,0x00,0x00,0x00,0x00,0x00,
0x00,0x00,0x00,0x00,0x00,0x00,0x00,0x00,0xE0,0x86,0x00,0x00,0x48,0x01,0x00,0x00,
0x00,0x00,0x00,0x00,0x00,0x00,0x00,0x00,0x00,0x80,0x00,0x00,0xE0,0x01,0x00,0x00,
0x00,0x00,0x00,0x00,0x00,0x00,0x00,0x00,0x00,0x00,0x00,0x00,0x00,0x00,0x00,0x00,
0x00,0x00,0x00,0x00,0x00,0x00,0x00,0x00,0x2E,0x74,0x65,0x78,0x74,0x00,0x00,0x00,
0x0D,0x61,0x00,0x00,0x00,0x10,0x00,0x00,0x00,0x62,0x00,0x00,0x00,0x04,0x00,0x00,
0x00,0x00,0x00,0x00,0x00,0x00,0x00,0x00,0x00,0x00,0x00,0x00,0x20,0x00,0x00,0x68,
0x2E,0x72,0x64,0x61,0x74,0x61,0x00,0x00,0xC4,0x0E,0x00,0x00,0x00,0x80,0x00,0x00,
0x00,0x10,0x00,0x00,0x00,0x66,0x00,0x00,0x00,0x00,0x00,0x00,0x00,0x00,0x00,0x00,
0x00,0x00,0x00,0x00,0x40,0x00,0x00,0x48,0x2E,0x64,0x61,0x74,0x61,0x00,0x00,0x00,
0xD0,0x11,0x00,0x00,0x00,0x90,0x00,0x00,0x00,0x02,0x00,0x00,0x00,0x76,0x00,0x00,
0x00,0x00,0x00,0x00,0x00,0x00,0x00,0x00,0x00,0x00,0x00,0x00,0x40,0x00,0x00,0xC8,
0x2E,0x70,0x64,0x61,0x74,0x61,0x00,0x00,0x84,0x03,0x00,0x00,0x00,0xB0,0x00,0x00,
0x00,0x04,0x00,0x00,0x00,0x78,0x00,0x00,0x00,0x00,0x00,0x00,0x00,0x00,0x00,0x00,
0x00,0x00,0x00,0x00,0x40,0x00,0x00,0x48,0x2E,0x65,0x6E,0x64,0x73,0x65,0x63,0x00,
0x01,0x00,0x00,0x00,0x00,0xC0,0x00,0x00,0x00,0x02,0x00,0x00,0x00,0x7C,0x00,0x00,
0x00,0x00,0x00,0x00,0x00,0x00,0x00,0x00,0x00,0x00,0x00,0x00,0x40,0x00,0x00,0x48,
0x49,0x4E,0x49,0x54,0x00,0x00,0x00,0x00,0x0E,0x07,0x00,0x00,0x00,0xD0,0x00,0x00,
0x00,0x08,0x00,0x00,0x00,0x7E,0x00,0x00,0x00,0x00,0x00,0x00,0x00,0x00,0x00,0x00,
0x00,0x00,0x00,0x00,0x20,0x00,0x00,0x62,0x2E,0x72,0x65,0x6C,0x6F,0x63,0x00,0x00,
0x34,0x00,0x00,0x00,0x00,0xE0,0x00,0x00,0x00,0x02,0x00,0x00,0x00,0x86,0x00,0x00,
0x00,0x00,0x00,0x00,0x00,0x00,0x00,0x00,0x00,0x00,0x00,0x00,0x40,0x00,0x00,0x42,
0x00,0x00,0x00,0x00,0x00,0x00,0x00,0x00,0x00,0x00,0x00,0x00,0x00,0x00,0x00,0x00,
0x00,0x00,0x00,0x00,0x00,0x00,0x00,0x00,0x00,0x00,0x00,0x00,0x00,0x00,0x00,0x00,
0x00,0x00,0x00,0x00,0x00,0x00,0x00,0x00,0x00,0x00,0x00,0x00,0x00,0x00,0x00,0x00,
0x00,0x00,0x00,0x00,0x00,0x00,0x00,0x00,0x00,0x00,0x00,0x00,0x00,0x00,0x00,0x00,
0x00,0x00,0x00,0x00,0x00,0x00,0x00,0x00,0x00,0x00,0x00,0x00,0x00,0x00,0x00,0x00,
0x00,0x00,0x00,0x00,0x00,0x00,0x00,0x00,0x00,0x00,0x00,0x00,0x00,0x00,0x00,0x00,
0x00,0x00,0x00,0x00,0x00,0x00,0x00,0x00,0x00,0x00,0x00,0x00,0x00,0x00,0x00,0x00,
0x00,0x00,0x00,0x00,0x00,0x00,0x00,0x00,0x00,0x00,0x00,0x00,0x00,0x00,0x00,0x00,
0x00,0x00,0x00,0x00,0x00,0x00,0x00,0x00,0x00,0x00,0x00,0x00,0x00,0x00,0x00,0x00,
0x00,0x00,0x00,0x00,0x00,0x00,0x00,0x00,0x00,0x00,0x00,0x00,0x00,0x00,0x00,0x00,
0x00,0x00,0x00,0x00,0x00,0x00,0x00,0x00,0x00,0x00,0x00,0x00,0x00,0x00,0x00,0x00,
0x00,0x00,0x00,0x00,0x00,0x00,0x00,0x00,0x00,0x00,0x00,0x00,0x00,0x00,0x00,0x00,
0x00,0x00,0x00,0x00,0x00,0x00,0x00,0x00,0x00,0x00,0x00,0x00,0x00,0x00,0x00,0x00,
0x00,0x00,0x00,0x00,0x00,0x00,0x00,0x00,0x00,0x00,0x00,0x00,0x00,0x00,0x00,0x00,
0x00,0x00,0x00,0x00,0x00,0x00,0x00,0x00,0x00,0x00,0x00,0x00,0x00,0x00,0x00,0x00,
0x00,0x00,0x00,0x00,0x00,0x00,0x00,0x00,0x00,0x00,0x00,0x00,0x00,0x00,0x00,0x00,
0x48,0x89,0x5C,0x24,0x10,0x48,0x89,0x74,0x24,0x18,0x57,0x48,0x83,0xEC,0x60,0x48,
0x8B,0x05,0xFA,0x7F,0x00,0x00,0x48,0x33,0xC4,0x48,0x89,0x44,0x24,0x50,0x66,0x83,
0x79,0x02,0x68,0x48,0x8B,0xD9,0x73,0x0A,0xB8,0x23,0x00,0x00,0xC0,0xE9,0xA2,0x00,
0x00,0x00,0x48,0x8B,0x41,0x08,0x4C,0x8D,0x44,0x24,0x20,0x0F,0x10,0x05,0x6E,0x73,
0x00,0x00,0x48,0xBF,0x14,0x00,0x00,0x00,0x80,0xF7,0xFF,0xFF,0xBA,0x10,0x00,0x00,
0x00,0x0F,0x11,0x00,0x0F,0x10,0x0D,0x65,0x73,0x00,0x00,0x0F,0x11,0x48,0x10,0xF2,
0x0F,0x10,0x05,0x69,0x73,0x00,0x00,0xF2,0x0F,0x11,0x40,0x20,0x48,0x8D,0x44,0x24,
0x30,0x66,0xC7,0x01,0x28,0x00,0x48,0x8B,0x3F,0x8B,0xCF,0x48,0x89,0x44,0x24,0x28,
0xC7,0x44,0x24,0x20,0x00,0x00,0x20,0x00,0xFF,0x15,0x72,0x6F,0x00,0x00,0x85,0xC0,
0x78,0x42,0x48,0x8D,0x54,0x24,0x20,0x48,0x8B,0xCB,0xFF,0x15,0x78,0x6F,0x00,0x00,
0x85,0xC0,0x78,0x30,0x48,0xC1,0xFF,0x20,0x48,0x85,0xFF,0x74,0x27,0x4C,0x8D,0x44,
0x24,0x20,0xBA,0x10,0x00,0x00,0x00,0x8B,0xCF,0xFF,0x15,0x41,0x6F,0x00,0x00,0x85,
0xC0,0x78,0x11,0x0F,0xAE,0xE8,0x48,0x8D,0x54,0x24,0x20,0x48,0x8B,0xCB,0xFF,0x15,
0x44,0x6F,0x00,0x00,0x48,0x8B,0x4C,0x24,0x50,0x48,0x33,0xCC,0xE8,0x0F,0x38,0x00,
0x00,0x4C,0x8D,0x5C,0x24,0x60,0x49,0x8B,0x5B,0x18,0x49,0x8B,0x73,0x20,0x49,0x8B,
0xE3,0x5F,0xC3,0xCC,0xCC,0xCC,0xCC,0xCC,0xCC,0xCC,0xCC,0xCC,0xCC,0xCC,0xCC,0xCC,
0x48,0x89,0x5C,0x24,0x08,0x48,0x89,0x74,0x24,0x10,0x57,0x48,0x81,0xEC,0xD0,0x00,
0x00,0x00,0x48,0x8B,0x05,0xF7,0x7E,0x00,0x00,0x48,0x33,0xC4,0x48,0x89,0x84,0x24,
0xC0,0x00,0x00,0x00,0x48,0x8D,0x0D,0xD5,0x3F,0x00,0x00,0xE8,0x30,0x36,0x00,0x00,
0xE8,0x23,0x22,0x00,0x00,0x84,0xC0,0x88,0x05,0xE3,0x8F,0x00,0x00,0x48,0x8D,0x15,
0x5C,0x40,0x00,0x00,0x48,0x8D,0x0D,0xE5,0x3F,0x00,0x00,0x48,0x0F,0x45,0xCA,0xE8,
0x0C,0x36,0x00,0x00,0x48,0x8D,0x05,0xD5,0x3D,0x00,0x00,0xC7,0x44,0x24,0x30,0x1C,
0x00,0x1E,0x00,0x48,0x8D,0x4C,0x24,0x30,0x48,0x89,0x44,0x24,0x38,0xFF,0x15,0x9D,
0x6E,0x00,0x00,0x48,0x8B,0xF8,0x48,0x85,0xC0,0x75,0x13,0x48,0x8D,0x0D,0x4E,0x40,
0x00,0x00,0xE8,0xD9,0x35,0x00,0x00,0xB8,0x24,0x04,0x00,0xC0,0xEB,0x6E,0x48,0x8D,
0x44,0x24,0x40,0xC7,0x44,0x24,0x20,0x00,0x00,0x80,0x00,0x48,0x8D,0x4C,0x24,0x20,
0x48,0x89,0x44,0x24,0x28,0xE8,0x56,0xFE,0xFF,0xFF,0x8B,0xD8,0x85,0xC0,0x79,0x15,
0x48,0x8D,0x0D,0x59,0x40,0x00,0x00,0x8B,0xD3,0x0F,0xAE,0xE8,0xE8,0x9F,0x35,0x00,
0x00,0x8B,0xC3,0xEB,0x37,0x48,0x8D,0x54,0x24,0x20,0x48,0x8D,0x0D,0x7F,0x40,0x00,
0x00,0xE8,0x8A,0x35,0x00,0x00,0x48,0x8D,0x15,0xC3,0x00,0x00,0x00,0x48,0x8B,0xC7,
0x48,0x8D,0x4C,0x24,0x20,0xFF,0x15,0xFD,0x6F,0x00,0x00,0x8B,0xD8,0x85,0xC0,0x79,
0x09,0x48,0x8D,0x0D,0x88,0x40,0x00,0x00,0xEB,0xBD,0x33,0xC0,0x48,0x8B,0x8C,0x24,
0xC0,0x00,0x00,0x00,0x48,0x33,0xCC,0xE8,0xE4,0x36,0x00,0x00,0x4C,0x8D,0x9C,0x24,
0xD0,0x00,0x00,0x00,0x49,0x8B,0x5B,0x10,0x49,0x8B,0x73,0x18,0x49,0x8B,0xE3,0x5F,
0xC3,0xCC,0xCC,0xCC,0xCC,0xCC,0xCC,0xCC,0xCC,0xCC,0xCC,0xCC,0xCC,0xCC,0xCC,0xCC,
0x48,0x83,0xEC,0x38,0x48,0x8D,0x0D,0x85,0x40,0x00,0x00,0xE8,0x20,0x35,0x00,0x00,
0xE8,0x6B,0x09,0x00,0x00,0xE8,0x1A,0x0F,0x00,0x00,0xE8,0x31,0x11,0x00,0x00,0x48,
0x8D,0x15,0x8A,0x3D,0x00,0x00,0x48,0x8D,0x4C,0x24,0x20,0xFF,0x15,0xA7,0x6D,0x00,
0x00,0x48,0x8D,0x4C,0x24,0x20,0xFF,0x15,0xD4,0x6D,0x00,0x00,0x48,0x8B,0x0D,0x0D,
0x7E,0x00,0x00,0x48,0x85,0xC9,0x74,0x11,0xFF,0x15,0xBA,0x6D,0x00,0x00,0x48,0xC7,
0x05,0xF7,0x7D,0x00,0x00,0x00,0x00,0x00,0x00,0x48,0x8D,0x0D,0x60,0x40,0x00,0x00,
0xE8,0xCB,0x34,0x00,0x00,0x48,0x83,0xC4,0x38,0xC3,0xCC,0xCC,0xCC,0xCC,0xCC,0xCC,
0x48,0x89,0x5C,0x24,0x08,0x57,0x48,0x83,0xEC,0x60,0x48,0x8B,0xD9,0x48,0x8D,0x0D,
0x9C,0x3C,0x00,0x00,0xE8,0xA7,0x34,0x00,0x00,0x48,0x8D,0x05,0x70,0xFF,0xFF,0xFF,
0x48,0x8D,0x15,0xB9,0x3C,0x00,0x00,0x48,0x89,0x43,0x68,0x48,0x8D,0x4C,0x24,0x50,
0xFF,0x15,0x32,0x6D,0x00,0x00,0x48,0x8D,0x05,0xA3,0x7D,0x00,0x00,0x41,0xB9,0x22,
0x00,0x00,0x00,0x48,0x89,0x44,0x24,0x30,0x4C,0x8D,0x44,0x24,0x50,0xC6,0x44,0x24,
0x28,0x00,0x33,0xD2,0x48,0x8B,0xCB,0xC7,0x44,0x24,0x20,0x00,0x01,0x00,0x00,0xFF,
0x15,0x23,0x6D,0x00,0x00,0x8B,0xF8,0x85,0xC0,0x79,0x18,0x0F,0xAE,0xE8,0x8B,0xD0,
0x48,0x8D,0x0D,0x99,0x3C,0x00,0x00,0xE8,0x44,0x34,0x00,0x00,0x8B,0xC7,0xE9,0x11,
0x01,0x00,0x00,0x48,0x8B,0x05,0x56,0x7D,0x00,0x00,0x48,0x8D,0x15,0xAF,0x3C,0x00,
0x00,0x48,0x8D,0x4C,0x24,0x40,0x83,0x48,0x30,0x04,0x48,0x8B,0x05,0x3F,0x7D,0x00,
0x00,0x0F,0xBA,0x70,0x30,0x07,0xFF,0x15,0xBC,0x6C,0x00,0x00,0x48,0x8D,0x54,0x24,
0x50,0x48,0x8D,0x4C,0x24,0x40,0xFF,0x15,0xD4,0x6C,0x00,0x00,0x8B,0xF8,0x85,0xC0,
0x79,0x20,0x0F,0xAE,0xE8,0x8B,0xD0,0x48,0x8D,0x0D,0xA2,0x3C,0x00,0x00,0xE8,0xED,
0x33,0x00,0x00,0x48,0x8B,0x0D,0x06,0x7D,0x00,0x00,0xFF,0x15,0xB8,0x6C,0x00,0x00,
0xEB,0x9A,0x48,0x8D,0x05,0xF7,0x00,0x00,0x00,0x48,0x89,0x43,0x70,0x48,0x8D,0x05,
0xAC,0x00,0x00,0x00,0x48,0x89,0x83,0x80,0x00,0x00,0x00,0x48,0x8D,0x05,0x1E,0x01,
0x00,0x00,0x48,0x89,0x83,0xE0,0x00,0x00,0x00,0xE8,0x8E,0x08,0x00,0x00,0x8B,0xD8,
0x85,0xC0,0x79,0x4A,0x0F,0xAE,0xE8,0x8B,0xD0,0x48,0x8D,0x0D,0x90,0x3C,0x00,0x00,
0xE8,0x9B,0x33,0x00,0x00,0x48,0x8D,0x15,0x14,0x3C,0x00,0x00,0x48,0x8D,0x4C,0x24,
0x40,0xFF,0x15,0x31,0x6C,0x00,0x00,0x48,0x8D,0x4C,0x24,0x40,0xFF,0x15,0x5E,0x6C,
0x00,0x00,0x48,0x8B,0x0D,0x97,0x7C,0x00,0x00,0xFF,0x15,0x49,0x6C,0x00,0x00,0x8B,
0xC3,0x48,0xC7,0x05,0x84,0x7C,0x00,0x00,0x00,0x00,0x00,0x00,0xEB,0x36,0xE8,0xED,
0x0D,0x00,0x00,0x8B,0xD8,0x85,0xC0,0x79,0x18,0x0F,0xAE,0xE8,0x8B,0xD0,0x48,0x8D,
0x0D,0x7B,0x3C,0x00,0x00,0xE8,0x46,0x33,0x00,0x00,0xE8,0x91,0x07,0x00,0x00,0xEB,
0xA4,0xE8,0x8E,0x10,0x00,0x00,0x48,0x8D,0x0D,0xA3,0x3C,0x00,0x00,0xE8,0x2E,0x33,
0x00,0x00,0x33,0xC0,0x48,0x8B,0x5C,0x24,0x70,0x48,0x83,0xC4,0x60,0x5F,0xC3,0xCC,
0x40,0x53,0x48,0x83,0xEC,0x20,0x48,0x8D,0x0D,0xE3,0x3E,0x00,0x00,0x48,0x8B,0xDA,
0xE8,0x0B,0x33,0x00,0x00,0x33,0xD2,0xC7,0x43,0x30,0x00,0x00,0x00,0x00,0x48,0x8B,
0xCB,0x48,0xC7,0x43,0x38,0x00,0x00,0x00,0x00,0xFF,0x15,0xD9,0x6B,0x00,0x00,0x33,
0xC0,0x48,0x83,0xC4,0x20,0x5B,0xC3,0xCC,0xCC,0xCC,0xCC,0xCC,0xCC,0xCC,0xCC,0xCC,
0x40,0x53,0x48,0x83,0xEC,0x20,0x48,0x8D,0x0D,0x83,0x3E,0x00,0x00,0x48,0x8B,0xDA,
0xE8,0xCB,0x32,0x00,0x00,0x33,0xD2,0xC7,0x43,0x30,0x00,0x00,0x00,0x00,0x48,0x8B,
0xCB,0x48,0xC7,0x43,0x38,0x00,0x00,0x00,0x00,0xFF,0x15,0x99,0x6B,0x00,0x00,0x33,
0xC0,0x48,0x83,0xC4,0x20,0x5B,0xC3,0xCC,0xCC,0xCC,0xCC,0xCC,0xCC,0xCC,0xCC,0xCC,
0x48,0x8B,0xC4,0x48,0x89,0x58,0x08,0x48,0x89,0x68,0x10,0x48,0x89,0x70,0x18,0x48,
0x89,0x78,0x20,0x41,0x55,0x41,0x56,0x41,0x57,0x48,0x83,0xEC,0x20,0x48,0x8B,0x82,
0xB8,0x00,0x00,0x00,0x48,0x8D,0x0D,0x65,0x3E,0x00,0x00,0x48,0x8B,0x72,0x18,0x4C,
0x8B,0xEA,0x33,0xFF,0x8B,0xDF,0x8B,0x68,0x18,0x8B,0xD5,0x44,0x8B,0x70,0x10,0x44,
0x8B,0x78,0x08,0xE8,0x58,0x32,0x00,0x00,0xB8,0x08,0x24,0x00,0x80,0x3B,0xE8,0x0F,
0x87,0x33,0x01,0x00,0x00,0x0F,0x84,0x04,0x01,0x00,0x00,0x81,0xFD,0x00,0x20,0x00,
0x80,0x0F,0x84,0xD1,0x00,0x00,0x00,0x81,0xFD,0x04,0x20,0x00,0x80,0x0F,0x84,0xA8,
0x00,0x00,0x00,0x81,0xFD,0x08,0x20,0x00,0x80,0x74,0x74,0x81,0xFD,0x00,0x24,0x00,
0x80,0x74,0x37,0x81,0xFD,0x04,0x24,0x00,0x80,0x0F,0x85,0x2D,0x01,0x00,0x00,0x48,
0x8D,0x0D,0x8A,0x3E,0x00,0x00,0xE8,0x05,0x32,0x00,0x00,0x40,0x38,0x3D,0xBE,0x8B,
0x00,0x00,0x74,0x2B,0x41,0x83,0xFE,0x04,0x0F,0x85,0x03,0x02,0x00,0x00,0x8B,0x0E,
0xE8,0x33,0x07,0x00,0x00,0xE9,0xF3,0x01,0x00,0x00,0x48,0x8D,0x0D,0x3F,0x3E,0x00,
0x00,0xE8,0xDA,0x31,0x00,0x00,0x40,0x38,0x3D,0x93,0x8B,0x00,0x00,0x75,0x0A,0xBB,
0xBB,0x00,0x00,0xC0,0xE9,0xDD,0x01,0x00,0x00,0x41,0x83,0xFE,0x04,0x0F,0x85,0xCE,
0x01,0x00,0x00,0x8B,0x0E,0xE8,0xD2,0x03,0x00,0x00,0xE9,0xBE,0x01,0x00,0x00,0x48,
0x8D,0x0D,0xEA,0x3D,0x00,0x00,0xE8,0xA5,0x31,0x00,0x00,0x41,0x83,0xFF,0x08,0x72,
0x54,0x89,0x3E,0x40,0x38,0x3D,0x56,0x8B,0x00,0x00,0x40,0x0F,0x95,0xC7,0x89,0x7E,
0x04,0xBF,0x08,0x00,0x00,0x00,0xE9,0x9B,0x01,0x00,0x00,0x48,0x8D,0x0D,0x9E,0x3D,
0x00,0x00,0xE8,0x79,0x31,0x00,0x00,0x41,0x83,0xFF,0x08,0x72,0x28,0x89,0x3E,0xC7,
0x46,0x04,0x00,0x00,0x01,0x00,0xEB,0xD9,0x48,0x8D,0x0D,0x71,0x3D,0x00,0x00,0xE8,
0x5C,0x31,0x00,0x00,0x41,0x83,0xFF,0x08,0x72,0x0B,0x89,0x3E,0xC7,0x46,0x04,0xEF,
0xBE,0xAD,0xDE,0xEB,0xBC,0xBB,0x23,0x00,0x00,0xC0,0xE9,0x57,0x01,0x00,0x00,0x48,
0x8D,0x0D,0xDA,0x3D,0x00,0x00,0xE8,0x35,0x31,0x00,0x00,0xBD,0x04,0x01,0x00,0x00,
0x44,0x3B,0xFD,0x0F,0x85,0x38,0x01,0x00,0x00,0x48,0x8B,0xCE,0xE8,0x0B,0x05,0x00,
0x00,0x8B,0xFD,0xE9,0x25,0x01,0x00,0x00,0x81,0xFD,0x0C,0x24,0x00,0x80,0x0F,0x84,
0xF3,0x00,0x00,0x00,0x81,0xFD,0x10,0x24,0x00,0x80,0x0F,0x84,0xBF,0x00,0x00,0x00,
0x81,0xFD,0x14,0x24,0x00,0x80,0x0F,0x84,0x90,0x00,0x00,0x00,0x81,0xFD,0x18,0x24,
0x00,0x80,0x74,0x56,0x81,0xFD,0x1C,0x24,0x00,0x80,0x74,0x18,0x8B,0xD5,0x48,0x8D,
0x0D,0x4B,0x3E,0x00,0x00,0xE8,0xD6,0x30,0x00,0x00,0xBB,0x10,0x00,0x00,0xC0,0xE9,
0xE2,0x00,0x00,0x00,0x48,0x8D,0x0D,0x15,0x3E,0x00,0x00,0xE8,0xC0,0x30,0x00,0x00,
0x41,0x83,0xFE,0x02,0x0F,0x82,0xC7,0x00,0x00,0x00,0x41,0xD1,0xEE,0x41,0x81,0xFE,
0x00,0x02,0x00,0x00,0x0F,0x83,0xB7,0x00,0x00,0x00,0x41,0x8B,0xD6,0x48,0x8B,0xCE,
0xE8,0x5F,0x0E,0x00,0x00,0xE9,0xA3,0x00,0x00,0x00,0x48,0x8D,0x0D,0xBF,0x3D,0x00,
0x00,0xE8,0x8A,0x30,0x00,0x00,0x41,0x83,0xFE,0x04,0x0F,0x85,0x91,0x00,0x00,0x00,
0x41,0x83,0xFF,0x08,0x0F,0x82,0x87,0x00,0x00,0x00,0x8B,0x0E,0x48,0x8D,0x56,0x04,
0xE8,0x8F,0x0C,0x00,0x00,0x89,0x06,0xE9,0xD5,0xFE,0xFF,0xFF,0x48,0x8D,0x0D,0x6D,
0x3D,0x00,0x00,0xE8,0x58,0x30,0x00,0x00,0xBD,0x04,0x01,0x00,0x00,0x44,0x3B,0xFD,
0x75,0x5F,0x48,0x8B,0xCE,0xE8,0xE6,0x09,0x00,0x00,0xE9,0x22,0xFF,0xFF,0xFF,0x48,
0x8D,0x0D,0x2A,0x3D,0x00,0x00,0xE8,0x35,0x30,0x00,0x00,0x40,0x38,0x3D,0xEE,0x89,
0x00,0x00,0x0F,0x84,0x57,0xFE,0xFF,0xFF,0x41,0x83,0xFE,0x04,0x75,0x33,0x8B,0x0E,
0xE8,0xFF,0x0A,0x00,0x00,0xEB,0x26,0x48,0x8D,0x0D,0xE2,0x3C,0x00,0x00,0xE8,0x0D,
0x30,0x00,0x00,0x40,0x38,0x3D,0xC6,0x89,0x00,0x00,0x0F,0x84,0x2F,0xFE,0xFF,0xFF,
0x41,0x83,0xFE,0x04,0x75,0x0B,0x8B,0x0E,0xE8,0xCB,0x07,0x00,0x00,0x8B,0xD8,0xEB,
0x05,0xBB,0x06,0x02,0x00,0xC0,0x8B,0xC7,0x33,0xD2,0x49,0x8B,0xCD,0x49,0x89,0x45,
0x38,0x41,0x89,0x5D,0x30,0xFF,0x15,0xBD,0x68,0x00,0x00,0x48,0x8B,0x6C,0x24,0x48,
0x8B,0xC3,0x48,0x8B,0x5C,0x24,0x40,0x48,0x8B,0x74,0x24,0x50,0x48,0x8B,0x7C,0x24,
0x58,0x48,0x83,0xC4,0x20,0x41,0x5F,0x41,0x5E,0x41,0x5D,0xC3,0x8B,0x0D,0xD6,0x78,
0x00,0x00,0x8D,0x81,0x00,0xD8,0xFF,0xFF,0x3D,0x58,0x3E,0x00,0x00,0x77,0x6D,0xB8,
0xEE,0x42,0x00,0x00,0x3B,0xC8,0x77,0x30,0x74,0x28,0x81,0xF9,0x00,0x28,0x00,0x00,
0x74,0x54,0x81,0xF9,0x5A,0x29,0x00,0x00,0x74,0x4C,0x81,0xF9,0x39,0x38,0x00,0x00,
0x74,0x44,0x81,0xF9,0xD7,0x3A,0x00,0x00,0x74,0x08,0x81,0xF9,0xAB,0x3F,0x00,0x00,
0x75,0x28,0xB8,0xE8,0x02,0x00,0x00,0xC3,0x81,0xE9,0x63,0x45,0x00,0x00,0x74,0xF2,
0x81,0xE9,0x57,0x02,0x00,0x00,0x74,0x1E,0x83,0xE9,0x01,0x74,0x19,0x81,0xE9,0x39,
0x1E,0x00,0x00,0x74,0x0B,0x83,0xF9,0x64,0x74,0x06,0xB8,0x48,0x04,0x00,0x00,0xC3,
0xB8,0xD8,0x01,0x00,0x00,0xC3,0xB8,0xF0,0x02,0x00,0x00,0xC3,0x33,0xC0,0xC3,0xCC,
0x8B,0x0D,0x52,0x78,0x00,0x00,0x8D,0x81,0x00,0xD8,0xFF,0xFF,0x3D,0x58,0x3E,0x00,
0x00,0x77,0x6D,0xB8,0xEE,0x42,0x00,0x00,0x3B,0xC8,0x77,0x30,0x74,0x5C,0x81,0xF9,
0x00,0x28,0x00,0x00,0x74,0x4E,0x81,0xF9,0x5A,0x29,0x00,0x00,0x74,0x46,0x81,0xF9,
0x39,0x38,0x00,0x00,0x74,0x3E,0x81,0xF9,0xD7,0x3A,0x00,0x00,0x74,0x08,0x81,0xF9,
0xAB,0x3F,0x00,0x00,0x75,0x2E,0xB8,0xE0,0x04,0x00,0x00,0xC3,0x81,0xE9,0x63,0x45,
0x00,0x00,0x74,0x26,0x81,0xE9,0x57,0x02,0x00,0x00,0x74,0x18,0x83,0xE9,0x01,0x74,
0x13,0x81,0xE9,0x39,0x1E,0x00,0x00,0x74,0x05,0x83,0xF9,0x64,0x75,0x06,0xB8,0x78,
0x05,0x00,0x00,0xC3,0xB8,0xF0,0x04,0x00,0x00,0xC3,0xB8,0xE8,0x04,0x00,0x00,0xC3,
0x33,0xC0,0xC3,0xCC,0x8B,0x0D,0xCE,0x77,0x00,0x00,0x8D,0x81,0x00,0xD8,0xFF,0xFF,
0x3D,0x58,0x3E,0x00,0x00,0x77,0x37,0xB8,0xEE,0x42,0x00,0x00,0x3B,0xC8,0x76,0x28,
0x81,0xE9,0x63,0x45,0x00,0x00,0x74,0x20,0x81,0xE9,0x57,0x02,0x00,0x00,0x74,0x18,
0x83,0xE9,0x01,0x74,0x13,0x81,0xE9,0x39,0x1E,0x00,0x00,0x74,0x05,0x83,0xF9,0x64,
0x75,0x06,0xB8,0x70,0x03,0x00,0x00,0xC3,0xB8,0x48,0x04,0x00,0x00,0xC3,0x33,0xC0,
0xC3,0xCC,0xCC,0xCC,0x40,0x53,0x48,0x81,0xEC,0x50,0x01,0x00,0x00,0x48,0x8B,0x05,
0xFC,0x76,0x00,0x00,0x48,0x33,0xC4,0x48,0x89,0x84,0x24,0x40,0x01,0x00,0x00,0x33,
0xD2,0x48,0x8D,0x4C,0x24,0x24,0x41,0xB8,0x10,0x01,0x00,0x00,0xE8,0x4F,0x30,0x00,
0x00,0x48,0x8D,0x4C,0x24,0x20,0xC7,0x44,0x24,0x20,0x14,0x01,0x00,0x00,0xFF,0x15,
0x0C,0x67,0x00,0x00,0x8B,0xD8,0x85,0xC0,0x78,0x16,0x8B,0x54,0x24,0x2C,0x48,0x8D,
0x0D,0x9B,0x3B,0x00,0x00,0x89,0x15,0x2D,0x77,0x00,0x00,0xE8,0x00,0x2E,0x00,0x00,
0x8B,0xC3,0x48,0x8B,0x8C,0x24,0x40,0x01,0x00,0x00,0x48,0x33,0xCC,0xE8,0x7E,0x2F,
0x00,0x00,0x48,0x81,0xC4,0x50,0x01,0x00,0x00,0x5B,0xC3,0xCC,0x48,0x8B,0xC4,0x48,
0x89,0x58,0x18,0x48,0x89,0x70,0x20,0x89,0x48,0x08,0x57,0x41,0x56,0x41,0x57,0x48,
0x83,0xEC,0x20,0x8B,0xF9,0x48,0xC7,0x40,0x10,0x00,0x00,0x00,0x00,0xE8,0x0A,0xFE,
0xFF,0xFF,0x44,0x8B,0xF0,0x83,0xFF,0x04,0x77,0x0A,0xB8,0x0D,0x00,0x00,0xC0,0xE9,
0x81,0x01,0x00,0x00,0x85,0xC0,0x75,0x0A,0xB8,0x01,0x00,0x00,0xC0,0xE9,0x73,0x01,
0x00,0x00,0x48,0x8D,0x0D,0xCF,0x7C,0x00,0x00,0xFF,0x15,0x91,0x66,0x00,0x00,0x33,
0xC0,0x8B,0x15,0xB9,0x7C,0x00,0x00,0x48,0x8D,0x35,0xB2,0x76,0x00,0x00,0x85,0xD2,
0x74,0x11,0x48,0x8B,0xCE,0x39,0x39,0x74,0x24,0xFF,0xC0,0x48,0x83,0xC1,0x18,0x3B,
0xC2,0x72,0xF2,0x32,0xDB,0x48,0x8D,0x0D,0x9C,0x7C,0x00,0x00,0xFF,0x15,0x66,0x66,
0x00,0x00,0x84,0xDB,0x74,0x0B,0x33,0xC0,0xE9,0x28,0x01,0x00,0x00,0xB3,0x01,0xEB,
0xE4,0x0F,0xAE,0xE8,0x48,0x8B,0xCF,0x48,0x8D,0x54,0x24,0x48,0xFF,0x15,0x5E,0x66,
0x00,0x00,0x85,0xC0,0x79,0x08,0x0F,0xAE,0xE8,0xE9,0x07,0x01,0x00,0x00,0x48,0x8B,
0x4C,0x24,0x48,0xFF,0x15,0x3F,0x66,0x00,0x00,0x3D,0x03,0x01,0x00,0x00,0x74,0x07,
0xBB,0x0A,0x01,0x00,0xC0,0xEB,0x74,0x4C,0x8B,0x7C,0x24,0x48,0x4B,0x8D,0x1C,0x37,
0x45,0x32,0xF6,0x48,0x8D,0x0D,0x3E,0x7C,0x00,0x00,0xFF,0x15,0x00,0x66,0x00,0x00,
0x33,0xC9,0x44,0x8B,0x05,0x27,0x7C,0x00,0x00,0x45,0x85,0xC0,0x74,0x12,0x48,0x8B,
0xC6,0x39,0x38,0x74,0x2F,0xFF,0xC1,0x48,0x83,0xC0,0x18,0x41,0x3B,0xC8,0x72,0xF1,
0x41,0x83,0xF8,0x40,0x73,0x1E,0x4B,0x8D,0x14,0x40,0x89,0x3C,0xD6,0x48,0x89,0x5C,
0xD6,0x08,0x4C,0x89,0x7C,0xD6,0x10,0x41,0xFF,0xC0,0x44,0x89,0x05,0xEF,0x7B,0x00,
0x00,0x41,0xB6,0x01,0x48,0x8D,0x0D,0xED,0x7B,0x00,0x00,0xFF,0x15,0xB7,0x65,0x00,
0x00,0x45,0x84,0xF6,0x75,0x14,0xBB,0x9A,0x00,0x00,0xC0,0x48,0x8B,0x4C,0x24,0x48,
0xFF,0x15,0xAA,0x65,0x00,0x00,0x8B,0xC3,0xEB,0x6B,0x48,0x8B,0x0B,0x48,0x8B,0x43,
0x08,0x48,0x39,0x59,0x08,0x75,0x29,0x48,0x39,0x18,0x75,0x24,0x48,0x89,0x08,0x48,
0x89,0x41,0x08,0x48,0x89,0x1B,0x48,0x89,0x5B,0x08,0x0F,0xAE,0xE8,0x8B,0xD7,0x48,
0x8D,0x0D,0x9A,0x3A,0x00,0x00,0xE8,0x65,0x2C,0x00,0x00,0xE9,0x06,0xFF,0xFF,0xFF,
0xB9,0x03,0x00,0x00,0x00,0xCD,0x29,0x8B,0xD8,0x0F,0xAE,0xE8,0x8B,0x4C,0x24,0x40,
0xE8,0x03,0x03,0x00,0x00,0x48,0x8B,0x4C,0x24,0x48,0xFF,0x15,0x50,0x65,0x00,0x00,
0x44,0x8B,0xC3,0x8B,0x54,0x24,0x40,0x48,0x8D,0x0D,0x42,0x3A,0x00,0x00,0xE8,0x2D,
0x2C,0x00,0x00,0x8B,0xC3,0x48,0x8B,0x5C,0x24,0x50,0x48,0x8B,0x74,0x24,0x58,0x48,
0x83,0xC4,0x20,0x41,0x5F,0x41,0x5E,0x5F,0xC3,0xCC,0xCC,0xCC,0x40,0x53,0x48,0x83,
0xEC,0x20,0x48,0x8B,0xD9,0x48,0x85,0xC9,0x75,0x07,0xB8,0x0D,0x00,0x00,0xC0,0xEB,
0x48,0x48,0x8D,0x0D,0x30,0x7B,0x00,0x00,0xFF,0x15,0xF2,0x64,0x00,0x00,0x8B,0x05,
0x1C,0x7B,0x00,0x00,0x89,0x03,0x85,0xC0,0x74,0x20,0x48,0x8D,0x15,0x0F,0x75,0x00,
0x00,0x48,0x83,0xC3,0x04,0x44,0x8B,0xC0,0x8B,0x02,0x48,0x8D,0x52,0x18,0x89,0x03,
0x48,0x8D,0x5B,0x04,0x49,0x83,0xE8,0x01,0x75,0xEE,0x48,0x8D,0x0D,0xF7,0x7A,0x00,
0x00,0xFF,0x15,0xC1,0x64,0x00,0x00,0x33,0xC0,0x48,0x83,0xC4,0x20,0x5B,0xC3,0xCC,
0x48,0x89,0x5C,0x24,0x08,0x48,0x89,0x74,0x24,0x10,0x57,0x48,0x83,0xEC,0x20,0x48,
0x8D,0x0D,0xD2,0x7A,0x00,0x00,0xFF,0x15,0x94,0x64,0x00,0x00,0x8B,0x0D,0xBE,0x7A,
0x00,0x00,0x33,0xDB,0x85,0xC9,0x74,0x31,0x48,0x8D,0x3C,0x5B,0x48,0x8D,0x35,0xBD,
0x74,0x00,0x00,0x48,0x8B,0x04,0xFE,0x48,0x85,0xC0,0x74,0x17,0x48,0x8B,0xC8,0xFF,
0x15,0x7B,0x64,0x00,0x00,0x8B,0x0D,0x95,0x7A,0x00,0x00,0x48,0xC7,0x04,0xFE,0x00,
0x00,0x00,0x00,0xFF,0xC3,0x3B,0xD9,0x72,0xCF,0x48,0x8D,0x0D,0x88,0x7A,0x00,0x00,
0xC7,0x05,0x76,0x7A,0x00,0x00,0x00,0x00,0x00,0x00,0xFF,0x15,0x48,0x64,0x00,0x00,
0x48,0x8D,0x0D,0x29,0x39,0x00,0x00,0x48,0x8B,0x5C,0x24,0x30,0x48,0x8B,0x74,0x24,
0x38,0x48,0x83,0xC4,0x20,0x5F,0xE9,0x25,0x2B,0x00,0x00,0xCC,0x48,0x83,0xEC,0x28,
0xBA,0x01,0x00,0x00,0x00,0x48,0xC7,0x05,0x50,0x7A,0x00,0x00,0x00,0x00,0x00,0x00,
0x45,0x33,0xC0,0x89,0x15,0x3F,0x7A,0x00,0x00,0x48,0x8D,0x0D,0x50,0x7A,0x00,0x00,
0xC7,0x05,0x3E,0x7A,0x00,0x00,0x00,0x00,0x00,0x00,0xFF,0x15,0xE8,0x63,0x00,0x00,
0xC7,0x05,0x16,0x7A,0x00,0x00,0x00,0x00,0x00,0x00,0xE8,0x85,0xFC,0xFF,0xFF,0x85,
0xC0,0x79,0x11,0x0F,0xAE,0xE8,0x8B,0xD0,0x48,0x8D,0x0D,0x81,0x38,0x00,0x00,0xE8,
0xCC,0x2A,0x00,0x00,0x48,0x8D,0x0D,0x95,0x38,0x00,0x00,0xE8,0xC0,0x2A,0x00,0x00,
0x33,0xC0,0x48,0x83,0xC4,0x28,0xC3,0xCC,0x48,0x89,0x5C,0x24,0x20,0x89,0x4C,0x24,
0x08,0x56,0x57,0x41,0x56,0x48,0x83,0xEC,0x20,0x8B,0xD9,0x48,0xC7,0x44,0x24,0x48,
0x00,0x00,0x00,0x00,0x33,0xFF,0x48,0x89,0x7C,0x24,0x50,0x33,0xF6,0xE8,0xDA,0xFA,
0xFF,0xFF,0x44,0x8B,0xF0,0x83,0xFB,0x04,0x77,0x0A,0xB8,0x0D,0x00,0x00,0xC0,0xE9,
0x24,0x01,0x00,0x00,0x85,0xC0,0x75,0x0A,0xB8,0x01,0x00,0x00,0xC0,0xE9,0x16,0x01,
0x00,0x00,0x48,0x8D,0x0D,0x9F,0x79,0x00,0x00,0xFF,0x15,0x61,0x63,0x00,0x00,0x33,
0xC0,0x8B,0x15,0x89,0x79,0x00,0x00,0x85,0xD2,0x74,0x2D,0x4C,0x8D,0x05,0x7E,0x73,
0x00,0x00,0x49,0x8B,0xC8,0x39,0x19,0x74,0x0C,0xFF,0xC0,0x48,0x83,0xC1,0x18,0x3B,
0xC2,0x72,0xF2,0xEB,0x13,0x48,0x8D,0x14,0x40,0x49,0x8B,0x74,0xD0,0x08,0x49,0x8B,
0x7C,0xD0,0x10,0x48,0x89,0x7C,0x24,0x50,0x48,0x8D,0x0D,0x59,0x79,0x00,0x00,0xFF,
0x15,0x23,0x63,0x00,0x00,0x48,0x85,0xF6,0x0F,0x84,0xB5,0x00,0x00,0x00,0x48,0x85,
0xFF,0x0F,0x84,0xAC,0x00,0x00,0x00,0x48,0x8B,0xCF,0xFF,0x15,0x18,0x63,0x00,0x00,
0x3D,0x03,0x01,0x00,0x00,0x75,0x66,0x48,0x8D,0x54,0x24,0x48,0xB9,0x04,0x00,0x00,
0x00,0xFF,0x15,0x09,0x63,0x00,0x00,0x85,0xC0,0x78,0x63,0x49,0x8B,0xD6,0x48,0x03,
0x54,0x24,0x48,0x48,0x8B,0x02,0x48,0x39,0x50,0x08,0x74,0x07,0xB9,0x03,0x00,0x00,
0x00,0xCD,0x29,0x48,0x89,0x06,0x48,0x89,0x56,0x08,0x48,0x89,0x70,0x08,0x48,0x89,
0x32,0xEB,0x1D,0x0F,0xAE,0xE8,0x44,0x8B,0xC0,0x8B,0x5C,0x24,0x40,0x8B,0xD3,0x48,
0x8D,0x0D,0xFA,0x37,0x00,0x00,0xE8,0xA5,0x29,0x00,0x00,0x48,0x8B,0x7C,0x24,0x50,
0x48,0x8B,0x4C,0x24,0x48,0xFF,0x15,0xA5,0x62,0x00,0x00,0xEB,0x11,0x0F,0xAE,0xE8,
0x8B,0xD3,0x48,0x8D,0x0D,0x07,0x38,0x00,0x00,0xE8,0x82,0x29,0x00,0x00,0x0F,0xAE,
0xE8,0x48,0x8B,0xCF,0xFF,0x15,0x86,0x62,0x00,0x00,0x8B,0xCB,0xE8,0x27,0x00,0x00,
0x00,0x8B,0xD3,0x48,0x8D,0x0D,0x16,0x38,0x00,0x00,0xE8,0x61,0x29,0x00,0x00,0x33,
0xC0,0xEB,0x05,0xB8,0x25,0x02,0x00,0xC0,0x48,0x8B,0x5C,0x24,0x58,0x48,0x83,0xC4,
0x20,0x41,0x5E,0x5F,0x5E,0xC3,0xCC,0xCC,0x48,0x89,0x5C,0x24,0x08,0x57,0x48,0x83,
0xEC,0x20,0x8B,0xF9,0x48,0x8D,0x0D,0x6D,0x78,0x00,0x00,0xFF,0x15,0x2F,0x62,0x00,
0x00,0x44,0x8B,0x05,0x58,0x78,0x00,0x00,0x45,0x33,0xC9,0x45,0x85,0xC0,0x74,0x1E,
0x4C,0x8D,0x15,0x49,0x72,0x00,0x00,0x49,0x8B,0xC2,0x41,0x8D,0x59,0x01,0x39,0x38,
0x74,0x28,0x44,0x03,0xCB,0x48,0x83,0xC0,0x18,0x45,0x3B,0xC8,0x72,0xF0,0x32,0xDB,
0x48,0x8D,0x0D,0x31,0x78,0x00,0x00,0xFF,0x15,0xFB,0x61,0x00,0x00,0x8A,0xC3,0x48,
0x8B,0x5C,0x24,0x30,0x48,0x83,0xC4,0x20,0x5F,0xC3,0x41,0xFF,0xC8,0x4B,0x8D,0x0C,
0x49,0x44,0x89,0x05,0x08,0x78,0x00,0x00,0x4B,0x8D,0x14,0x40,0x41,0x0F,0x10,0x04,
0xD2,0x41,0x0F,0x11,0x04,0xCA,0xF2,0x41,0x0F,0x10,0x4C,0xD2,0x10,0xF2,0x41,0x0F,
0x11,0x4C,0xCA,0x10,0xEB,0xBA,0xCC,0xCC,0x48,0x89,0x5C,0x24,0x08,0x57,0x48,0x83,
0xEC,0x20,0x8B,0xF9,0x48,0x8D,0x0D,0x1D,0x7E,0x00,0x00,0xFF,0x15,0x9F,0x61,0x00,
0x00,0x44,0x8B,0x05,0x08,0x7E,0x00,0x00,0x45,0x33,0xC9,0x45,0x85,0xC0,0x74,0x1E,
0x4C,0x8D,0x15,0xF9,0x77,0x00,0x00,0x49,0x8B,0xC2,0x41,0x8D,0x59,0x01,0x39,0x38,
0x74,0x28,0x44,0x03,0xCB,0x48,0x83,0xC0,0x18,0x45,0x3B,0xC8,0x72,0xF0,0x32,0xDB,
0x48,0x8D,0x0D,0xE1,0x7D,0x00,0x00,0xFF,0x15,0x6B,0x61,0x00,0x00,0x8A,0xC3,0x48,
0x8B,0x5C,0x24,0x30,0x48,0x83,0xC4,0x20,0x5F,0xC3,0x41,0xFF,0xC8,0x4B,0x8D,0x0C,
0x49,0x44,0x89,0x05,0xB8,0x7D,0x00,0x00,0x4B,0x8D,0x14,0x40,0x41,0x0F,0x10,0x04,
0xD2,0x41,0x0F,0x11,0x04,0xCA,0xF2,0x41,0x0F,0x10,0x4C,0xD2,0x10,0xF2,0x41,0x0F,
0x11,0x4C,0xCA,0x10,0xEB,0xBA,0xCC,0xCC,0x48,0x8B,0xC4,0x48,0x89,0x58,0x18,0x48,
0x89,0x70,0x20,0x89,0x48,0x08,0x57,0x41,0x56,0x41,0x57,0x48,0x83,0xEC,0x20,0x8B,
0xF9,0x48,0xC7,0x40,0x10,0x00,0x00,0x00,0x00,0xE8,0xD2,0xF8,0xFF,0xFF,0x44,0x8B,
0xF0,0x85,0xFF,0x75,0x0A,0xB8,0x0D,0x00,0x00,0xC0,0xE9,0x7C,0x01,0x00,0x00,0x85,
0xC0,0x75,0x0A,0xB8,0x01,0x00,0x00,0xC0,0xE9,0x6E,0x01,0x00,0x00,0x48,0x8D,0x0D,
0x54,0x7D,0x00,0x00,0xFF,0x15,0xD6,0x60,0x00,0x00,0x33,0xC0,0x8B,0x15,0x3E,0x7D,
0x00,0x00,0x48,0x8D,0x35,0x37,0x77,0x00,0x00,0x85,0xD2,0x74,0x11,0x48,0x8B,0xCE,
0x39,0x39,0x74,0x24,0xFF,0xC0,0x48,0x83,0xC1,0x18,0x3B,0xC2,0x72,0xF2,0x32,0xDB,
0x48,0x8D,0x0D,0x21,0x7D,0x00,0x00,0xFF,0x15,0xAB,0x60,0x00,0x00,0x84,0xDB,0x74,
0x0B,0x33,0xC0,0xE9,0x23,0x01,0x00,0x00,0xB3,0x01,0xEB,0xE4,0x48,0x8B,0xCF,0x48,
0x8D,0x54,0x24,0x48,0xFF,0x15,0xB6,0x60,0x00,0x00,0x85,0xC0,0x79,0x08,0x0F,0xAE,
0xE8,0xE9,0x05,0x01,0x00,0x00,0x48,0x8B,0x4C,0x24,0x48,0xFF,0x15,0xA7,0x60,0x00,
0x00,0x48,0x85,0xC0,0x75,0x07,0xBB,0x01,0x00,0x00,0xC0,0xEB,0x74,0x4C,0x8B,0x7C,
0x24,0x48,0x4B,0x8D,0x1C,0x37,0x45,0x32,0xF6,0x48,0x8D,0x0D,0xC8,0x7C,0x00,0x00,
0xFF,0x15,0x4A,0x60,0x00,0x00,0x33,0xC9,0x44,0x8B,0x05,0xB1,0x7C,0x00,0x00,0x45,
0x85,0xC0,0x74,0x12,0x48,0x8B,0xC6,0x39,0x38,0x74,0x2F,0xFF,0xC1,0x48,0x83,0xC0,
0x18,0x41,0x3B,0xC8,0x72,0xF1,0x41,0x83,0xF8,0x40,0x73,0x1E,0x4B,0x8D,0x14,0x40,
0x89,0x3C,0xD6,0x48,0x89,0x5C,0xD6,0x08,0x4C,0x89,0x7C,0xD6,0x10,0x41,0xFF,0xC0,
0x44,0x89,0x05,0x79,0x7C,0x00,0x00,0x41,0xB6,0x01,0x48,0x8D,0x0D,0x77,0x7C,0x00,
0x00,0xFF,0x15,0x01,0x60,0x00,0x00,0x45,0x84,0xF6,0x75,0x14,0xBB,0x9A,0x00,0x00,
0xC0,0x48,0x8B,0x4C,0x24,0x48,0xFF,0x15,0xF4,0x5F,0x00,0x00,0x8B,0xC3,0xEB,0x6B,
0x48,0x8B,0x0B,0x48,0x8B,0x43,0x08,0x48,0x39,0x59,0x08,0x75,0x29,0x48,0x39,0x18,
0x75,0x24,0x48,0x89,0x08,0x48,0x89,0x41,0x08,0x48,0x89,0x1B,0x48,0x89,0x5B,0x08,
0x0F,0xAE,0xE8,0x8B,0xD7,0x48,0x8D,0x0D,0xE4,0x35,0x00,0x00,0xE8,0xAF,0x26,0x00,
0x00,0xE9,0x0B,0xFF,0xFF,0xFF,0xB9,0x03,0x00,0x00,0x00,0xCD,0x29,0x8B,0xD8,0x0F,
0xAE,0xE8,0x8B,0x4C,0x24,0x40,0xE8,0xDD,0xFD,0xFF,0xFF,0x48,0x8B,0x4C,0x24,0x48,
0xFF,0x15,0x9A,0x5F,0x00,0x00,0x44,0x8B,0xC3,0x8B,0x54,0x24,0x40,0x48,0x8D,0x0D,
0x8C,0x35,0x00,0x00,0xE8,0x77,0x26,0x00,0x00,0x8B,0xC3,0x48,0x8B,0x5C,0x24,0x50,
0x48,0x8B,0x74,0x24,0x58,0x48,0x83,0xC4,0x20,0x41,0x5F,0x41,0x5E,0x5F,0xC3,0xCC,
0x40,0x53,0x48,0x83,0xEC,0x20,0x48,0x8B,0xD9,0x48,0x85,0xC9,0x75,0x07,0xB8,0x0D,
0x00,0x00,0xC0,0xEB,0x48,0x48,0x8D,0x0D,0xBC,0x7B,0x00,0x00,0xFF,0x15,0x3E,0x5F,
0x00,0x00,0x8B,0x05,0xA8,0x7B,0x00,0x00,0x89,0x03,0x85,0xC0,0x74,0x20,0x48,0x8D,
0x15,0x9B,0x75,0x00,0x00,0x48,0x83,0xC3,0x04,0x44,0x8B,0xC0,0x8B,0x02,0x48,0x8D,
0x52,0x18,0x89,0x03,0x48,0x8D,0x5B,0x04,0x49,0x83,0xE8,0x01,0x75,0xEE,0x48,0x8D,
0x0D,0x83,0x7B,0x00,0x00,0xFF,0x15,0x0D,0x5F,0x00,0x00,0x33,0xC0,0x48,0x83,0xC4,
0x20,0x5B,0xC3,0xCC,0x48,0x89,0x5C,0x24,0x08,0x48,0x89,0x74,0x24,0x10,0x57,0x48,
0x83,0xEC,0x20,0x48,0x8D,0x0D,0x5E,0x7B,0x00,0x00,0xFF,0x15,0xE0,0x5E,0x00,0x00,
0x8B,0x0D,0x4A,0x7B,0x00,0x00,0x33,0xDB,0x85,0xC9,0x74,0x31,0x48,0x8D,0x3C,0x5B,
0x48,0x8D,0x35,0x49,0x75,0x00,0x00,0x48,0x8B,0x04,0xFE,0x48,0x85,0xC0,0x74,0x17,
0x48,0x8B,0xC8,0xFF,0x15,0xC7,0x5E,0x00,0x00,0x8B,0x0D,0x21,0x7B,0x00,0x00,0x48,
0xC7,0x04,0xFE,0x00,0x00,0x00,0x00,0xFF,0xC3,0x3B,0xD9,0x72,0xCF,0x48,0x8D,0x0D,
0x14,0x7B,0x00,0x00,0xC7,0x05,0x02,0x7B,0x00,0x00,0x00,0x00,0x00,0x00,0xFF,0x15,
0x94,0x5E,0x00,0x00,0x48,0x8D,0x0D,0x75,0x34,0x00,0x00,0x48,0x8B,0x5C,0x24,0x30,
0x48,0x8B,0x74,0x24,0x38,0x48,0x83,0xC4,0x20,0x5F,0xE9,0x71,0x25,0x00,0x00,0xCC,
0x48,0x83,0xEC,0x28,0xBA,0x01,0x00,0x00,0x00,0x48,0xC7,0x05,0xDC,0x7A,0x00,0x00,
0x00,0x00,0x00,0x00,0x45,0x33,0xC0,0x89,0x15,0xCB,0x7A,0x00,0x00,0x48,0x8D,0x0D,
0xDC,0x7A,0x00,0x00,0xC7,0x05,0xCA,0x7A,0x00,0x00,0x00,0x00,0x00,0x00,0xFF,0x15,
0x34,0x5E,0x00,0x00,0x48,0x8D,0x0D,0x05,0x34,0x00,0x00,0xC7,0x05,0x9B,0x7A,0x00,
0x00,0x00,0x00,0x00,0x00,0xE8,0x26,0x25,0x00,0x00,0x33,0xC0,0x48,0x83,0xC4,0x28,
0xC3,0xCC,0xCC,0xCC,0x48,0x89,0x5C,0x24,0x18,0x89,0x4C,0x24,0x08,0x56,0x57,0x41,
0x56,0x48,0x83,0xEC,0x20,0x8B,0xD9,0x33,0xFF,0x48,0x89,0x7C,0x24,0x48,0x33,0xF6,
0xE8,0xCB,0xF5,0xFF,0xFF,0x85,0xDB,0x75,0x0A,0xB8,0x0D,0x00,0x00,0xC0,0xE9,0xFF,
0x00,0x00,0x00,0x85,0xC0,0x75,0x0A,0xB8,0x01,0x00,0x00,0xC0,0xE9,0xF1,0x00,0x00,
0x00,0x48,0x8D,0x0D,0x50,0x7A,0x00,0x00,0xFF,0x15,0xD2,0x5D,0x00,0x00,0x33,0xC0,
0x8B,0x15,0x3A,0x7A,0x00,0x00,0x85,0xD2,0x74,0x2D,0x4C,0x8D,0x05,0x2F,0x74,0x00,
0x00,0x49,0x8B,0xC8,0x39,0x19,0x74,0x0C,0xFF,0xC0,0x48,0x83,0xC1,0x18,0x3B,0xC2,
0x72,0xF2,0xEB,0x13,0x48,0x8D,0x14,0x40,0x49,0x8B,0x74,0xD0,0x08,0x49,0x8B,0x7C,
0xD0,0x10,0x48,0x89,0x7C,0x24,0x48,0x48,0x8D,0x0D,0x0A,0x7A,0x00,0x00,0xFF,0x15,
0x94,0x5D,0x00,0x00,0x48,0x85,0xF6,0x0F,0x84,0x90,0x00,0x00,0x00,0x48,0x85,0xFF,
0x0F,0x84,0x87,0x00,0x00,0x00,0x48,0x8B,0xCF,0xFF,0x15,0xA9,0x5D,0x00,0x00,0x4C,
0x8B,0xF0,0x48,0x85,0xC0,0x74,0x46,0xE8,0xB8,0xF5,0xFF,0xFF,0x8B,0xC0,0x49,0x03,
0xC6,0x48,0x8B,0x08,0x48,0x39,0x41,0x08,0x74,0x07,0xB9,0x03,0x00,0x00,0x00,0xCD,
0x29,0x48,0x89,0x0E,0x48,0x89,0x46,0x08,0x48,0x89,0x71,0x08,0x48,0x89,0x30,0xEB,
0x2A,0x44,0x8B,0xC0,0x8B,0x5C,0x24,0x40,0x8B,0xD3,0x48,0x8D,0x0D,0x7F,0x33,0x00,
0x00,0xE8,0x2A,0x24,0x00,0x00,0x48,0x8B,0x7C,0x24,0x48,0xEB,0x0E,0x8B,0xD3,0x48,
0x8D,0x0D,0x9A,0x33,0x00,0x00,0xE8,0x15,0x24,0x00,0x00,0x48,0x8B,0xCF,0xFF,0x15,
0x1C,0x5D,0x00,0x00,0x8B,0xCB,0xE8,0x4D,0xFB,0xFF,0xFF,0x8B,0xD3,0x48,0x8D,0x0D,
0xAC,0x33,0x00,0x00,0xE8,0xF7,0x23,0x00,0x00,0x33,0xC0,0xEB,0x05,0xB8,0x25,0x02,
0x00,0xC0,0x48,0x8B,0x5C,0x24,0x50,0x48,0x83,0xC4,0x20,0x41,0x5E,0x5F,0x5E,0xC3,
0xC2,0x00,0x00,0xCC,0x40,0x55,0x53,0x56,0x57,0x41,0x54,0x41,0x56,0x41,0x57,0x48,
0x8B,0xEC,0x48,0x83,0xEC,0x30,0x83,0xF9,0x01,0x48,0x8B,0xFA,0x44,0x8B,0xF1,0x41,
0x0F,0x94,0xC7,0x33,0xDB,0x48,0x89,0x5D,0x50,0x89,0x5D,0x40,0x48,0x85,0xD2,0x74,
0x02,0x89,0x1A,0x41,0x83,0xFE,0x02,0x76,0x0A,0xB8,0x0D,0x00,0x00,0xC0,0xE9,0xE2,
0x00,0x00,0x00,0x48,0x8D,0x55,0x40,0x48,0x8D,0x4D,0x50,0xE8,0x38,0x06,0x00,0x00,
0x8B,0xF0,0x3D,0x34,0x00,0x00,0xC0,0x75,0x2B,0x41,0x83,0xFE,0x02,0x72,0x07,0x33,
0xC0,0xE9,0xBF,0x00,0x00,0x00,0xB1,0x01,0xE8,0xDF,0x0C,0x00,0x00,0x48,0x85,0xFF,
0x0F,0x84,0xAF,0x00,0x00,0x00,0x8B,0xC8,0xF7,0xD1,0xC1,0xE9,0x1F,0x89,0x0F,0xE9,
0xA1,0x00,0x00,0x00,0x0F,0xAE,0xE8,0x85,0xC0,0x0F,0x88,0x96,0x00,0x00,0x00,0x44,
0x8B,0x65,0x40,0x48,0x8B,0x4D,0x50,0x41,0xD1,0xEC,0x41,0x8B,0xD4,0xE8,0xCE,0x0A,
0x00,0x00,0x45,0x85,0xF6,0x74,0x61,0x41,0x3A,0xC7,0x74,0x5C,0x0F,0xAE,0xE8,0x48,
0x8B,0x4D,0x50,0x48,0x8D,0x45,0x48,0x4C,0x8D,0x4D,0x58,0x48,0x89,0x44,0x24,0x20,
0x45,0x8A,0xC7,0x48,0x89,0x5D,0x58,0x41,0x8B,0xD4,0x89,0x5D,0x48,0xE8,0xFE,0x0C,
0x00,0x00,0x8B,0xF0,0x85,0xC0,0x78,0x22,0x48,0x8B,0x4D,0x58,0x48,0x85,0xC9,0x74,
0x19,0x8B,0x55,0x48,0xE8,0xFB,0x05,0x00,0x00,0x48,0x8B,0x4D,0x58,0xBA,0x4C,0x6B,
0x73,0x54,0x8B,0xF0,0xFF,0x15,0x26,0x5C,0x00,0x00,0x48,0x85,0xFF,0x74,0x15,0x41,
0x83,0xFE,0x01,0x0F,0x94,0xC3,0xEB,0x0A,0x48,0x85,0xFF,0x74,0x07,0x84,0xC0,0x0F,
0x95,0xC3,0x89,0x1F,0x48,0x8B,0x4D,0x50,0xBA,0x4C,0x6B,0x73,0x54,0xFF,0x15,0xFD,
0x5B,0x00,0x00,0x8B,0xC6,0x48,0x83,0xC4,0x30,0x41,0x5F,0x41,0x5E,0x41,0x5C,0x5F,
0x5E,0x5B,0x5D,0xC3,0x48,0x8B,0xC4,0x48,0x83,0xEC,0x28,0x48,0x8D,0x50,0x08,0x48,
0xC7,0x40,0x10,0x00,0x00,0x00,0x00,0x48,0x8D,0x48,0x10,0xC7,0x40,0x08,0x00,0x00,
0x00,0x00,0xE8,0x31,0x05,0x00,0x00,0x3D,0x34,0x00,0x00,0xC0,0x75,0x09,0x48,0x8D,
0x0D,0x4B,0x32,0x00,0x00,0xEB,0x1B,0x85,0xC0,0x78,0x1E,0x48,0x8B,0x4C,0x24,0x38,
0xBA,0x4C,0x6B,0x73,0x54,0xFF,0x15,0xA5,0x5B,0x00,0x00,0x48,0x8D,0x0D,0x7E,0x32,
0x00,0x00,0xE8,0x59,0x22,0x00,0x00,0xEB,0x11,0x0F,0xAE,0xE8,0x8B,0xD0,0x48,0x8D,
0x0D,0x9B,0x32,0x00,0x00,0xE8,0x46,0x22,0x00,0x00,0x33,0xC0,0x48,0x83,0xC4,0x28,
0xC3,0xCC,0xCC,0xCC,0xE9,0xB7,0x0D,0x00,0x00,0xCC,0xCC,0xCC,0x48,0x89,0x5C,0x24,
0x08,0x48,0x89,0x6C,0x24,0x10,0x48,0x89,0x74,0x24,0x18,0x57,0x41,0x56,0x41,0x57,
0x48,0x83,0xEC,0x20,0x45,0x33,0xFF,0x49,0x8B,0xF0,0x8B,0xFA,0x4C,0x8B,0xF1,0x45,
0x8B,0xCF,0x66,0x45,0x39,0x38,0x74,0x3B,0x41,0xFF,0xC1,0x66,0x47,0x39,0x3C,0x48,
0x75,0xF6,0x45,0x85,0xC9,0x74,0x2C,0x44,0x3B,0xCF,0x77,0x27,0x41,0x2B,0xF9,0x41,
0x8B,0xE9,0x48,0x03,0xED,0x41,0x8B,0xDF,0x8B,0xC3,0x4C,0x8B,0xC5,0x48,0x8B,0xD6,
0x49,0x8D,0x0C,0x46,0xE8,0xF7,0x25,0x00,0x00,0x85,0xC0,0x74,0x22,0xFF,0xC3,0x3B,
0xDF,0x76,0xE5,0x83,0xC8,0xFF,0x48,0x8B,0x5C,0x24,0x40,0x48,0x8B,0x6C,0x24,0x48,
0x48,0x8B,0x74,0x24,0x50,0x48,0x83,0xC4,0x20,0x41,0x5F,0x41,0x5E,0x5F,0xC3,0x8B,
0xC3,0xEB,0xE3,0xCC,0x48,0x83,0xEC,0x38,0x48,0x8B,0xD1,0x48,0x8D,0x4C,0x24,0x20,
0xFF,0x15,0x42,0x5A,0x00,0x00,0x48,0x8D,0x4C,0x24,0x20,0xFF,0x15,0x3F,0x5A,0x00,
0x00,0x48,0x83,0xC4,0x38,0xC3,0xCC,0xCC,0x45,0x33,0xC0,0x41,0x8B,0xC0,0x66,0x44,
0x39,0x01,0x74,0x09,0xFF,0xC0,0x66,0x44,0x39,0x04,0x41,0x75,0xF7,0xC3,0xCC,0xCC,
0x48,0x89,0x5C,0x24,0x10,0x48,0x89,0x7C,0x24,0x18,0x55,0x48,0x8D,0x6C,0x24,0xA9,
0x48,0x81,0xEC,0xB0,0x00,0x00,0x00,0x48,0x8B,0x05,0x02,0x6A,0x00,0x00,0x48,0x33,
0xC4,0x48,0x89,0x45,0x47,0x48,0x8B,0xF9,0x48,0xC7,0x01,0x00,0x00,0x00,0x00,0xB9,
0x04,0x00,0x00,0x00,0x48,0xC7,0x45,0xEF,0x00,0x00,0x00,0x00,0x48,0x8D,0x55,0xEF,
0x48,0xC7,0x45,0xF7,0x00,0x00,0x00,0x00,0x48,0xC7,0x45,0xFF,0x00,0x00,0x00,0x00,
0x48,0xC7,0x45,0xE7,0x00,0x00,0x00,0x00,0xFF,0x15,0x32,0x5A,0x00,0x00,0x8B,0xD0,
0x48,0x8D,0x0D,0x99,0x31,0x00,0x00,0x8B,0xD8,0xE8,0x02,0x21,0x00,0x00,0x85,0xDB,
0x79,0x08,0x0F,0xAE,0xE8,0xE9,0x59,0x01,0x00,0x00,0x48,0x8B,0x4D,0xEF,0xFF,0x15,
0x44,0x5A,0x00,0x00,0x48,0x8D,0x4D,0xF7,0x41,0xB9,0x00,0x04,0x00,0x00,0x48,0x89,
0x4C,0x24,0x30,0x45,0x33,0xC0,0x48,0x8B,0x4D,0xEF,0xBA,0x00,0x02,0x00,0x00,0xC6,
0x44,0x24,0x28,0x00,0x48,0x89,0x44,0x24,0x20,0xFF,0x15,0x21,0x5A,0x00,0x00,0x48,
0x8B,0x4D,0xEF,0x8B,0xD8,0xFF,0x15,0xC5,0x59,0x00,0x00,0x8B,0xD3,0x48,0x8D,0x0D,
0x7C,0x31,0x00,0x00,0xE8,0xA7,0x20,0x00,0x00,0x85,0xDB,0x78,0xA5,0x48,0x8B,0x4D,
0xF7,0x4C,0x8D,0x4D,0xFF,0xBA,0x0A,0x00,0x00,0x00,0x41,0xB8,0x00,0x02,0x00,0x00,
0xFF,0x15,0xFA,0x59,0x00,0x00,0x48,0x8B,0x4D,0xF7,0x8B,0xD8,0xFF,0x15,0xC6,0x59,
0x00,0x00,0x8B,0xD3,0x48,0x8D,0x0D,0x85,0x31,0x00,0x00,0xE8,0x70,0x20,0x00,0x00,
0x85,0xDB,0x0F,0x88,0x6A,0xFF,0xFF,0xFF,0xB9,0x02,0x00,0x00,0x00,0xC7,0x45,0x37,
0x0C,0x00,0x00,0x00,0x48,0x8D,0x45,0x37,0x89,0x4D,0x3B,0x48,0x89,0x45,0x2F,0x4C,
0x8D,0x45,0x07,0x48,0x8D,0x45,0xE7,0x66,0xC7,0x45,0x3F,0x01,0x00,0x48,0x89,0x44,
0x24,0x28,0x45,0x33,0xC9,0x89,0x4C,0x24,0x20,0xBA,0xFF,0x01,0x0F,0x00,0x48,0x8B,
0x4D,0xFF,0xC7,0x45,0x07,0x30,0x00,0x00,0x00,0x48,0xC7,0x45,0x0F,0x00,0x00,0x00,
0x00,0xC7,0x45,0x1F,0x00,0x00,0x00,0x00,0x48,0xC7,0x45,0x17,0x00,0x00,0x00,0x00,
0x48,0xC7,0x45,0x27,0x00,0x00,0x00,0x00,0xFF,0x15,0x6A,0x59,0x00,0x00,0x48,0x8B,
0x4D,0xFF,0x8B,0xD8,0xFF,0x15,0x3E,0x59,0x00,0x00,0x8B,0xD3,0x48,0x8D,0x0D,0x3D,
0x31,0x00,0x00,0xE8,0xE8,0x1F,0x00,0x00,0x85,0xDB,0x0F,0x88,0xE2,0xFE,0xFF,0xFF,
0x41,0xB9,0x08,0x00,0x00,0x00,0x4C,0x8D,0x45,0xE7,0x48,0xC7,0xC1,0xFE,0xFF,0xFF,
0xFF,0x41,0x8D,0x51,0xFD,0xFF,0x15,0x15,0x59,0x00,0x00,0x48,0x8B,0x55,0xE7,0x48,
0x8D,0x0D,0x4A,0x31,0x00,0x00,0x44,0x8B,0xC0,0x8B,0xD8,0xE8,0xB0,0x1F,0x00,0x00,
0x48,0x8B,0x4D,0xE7,0x85,0xDB,0x78,0x05,0x48,0x89,0x0F,0xEB,0x06,0xFF,0x15,0xE5,
0x58,0x00,0x00,0x8B,0xC3,0x48,0x8B,0x4D,0x47,0x48,0x33,0xCC,0xE8,0x1F,0x21,0x00,
0x00,0x4C,0x8D,0x9C,0x24,0xB0,0x00,0x00,0x00,0x49,0x8B,0x5B,0x18,0x49,0x8B,0x7B,
0x20,0x49,0x8B,0xE3,0x5D,0xC3,0xCC,0xCC,0x48,0x85,0xC9,0x74,0x3B,0x53,0x48,0x83,
0xEC,0x20,0x41,0xB9,0x08,0x00,0x00,0x00,0x48,0xC7,0x44,0x24,0x30,0x00,0x00,0x00,
0x00,0x48,0x8B,0xD9,0x4C,0x8D,0x44,0x24,0x30,0x48,0xC7,0xC1,0xFE,0xFF,0xFF,0xFF,
0x41,0x8D,0x51,0xFD,0xFF,0x15,0x96,0x58,0x00,0x00,0x48,0x8B,0xCB,0xFF,0x15,0x85,
0x58,0x00,0x00,0x48,0x83,0xC4,0x20,0x5B,0xC3,0xCC,0xCC,0xCC,0x48,0x89,0x5C,0x24,
0x18,0x48,0x89,0x74,0x24,0x20,0x55,0x57,0x41,0x56,0x48,0x8D,0x6C,0x24,0xB9,0x48,
0x81,0xEC,0xD0,0x00,0x00,0x00,0x48,0x8B,0x05,0xC3,0x67,0x00,0x00,0x48,0x33,0xC4,
0x48,0x89,0x45,0x3F,0x48,0xC7,0x01,0x00,0x00,0x00,0x00,0x48,0x8D,0x05,0xDE,0x30,
0x00,0x00,0x48,0x89,0x45,0xDF,0x4C,0x8D,0x4D,0xE7,0x48,0x8D,0x45,0xD7,0xC7,0x02,
0x00,0x00,0x00,0x00,0x4C,0x8B,0xF2,0xC7,0x44,0x24,0x28,0x60,0x00,0x00,0x00,0x48,
0x8B,0xF1,0x48,0x89,0x45,0x07,0x0F,0x57,0xC0,0xC7,0x45,0xD7,0x4C,0x00,0x4E,0x00,
0xBF,0x40,0x00,0x00,0x00,0x48,0xC7,0x45,0xC7,0x00,0x00,0x00,0x00,0x4C,0x8D,0x45,
0xF7,0x48,0xC7,0x45,0xCF,0x00,0x00,0x00,0x00,0xBA,0x01,0x00,0x10,0x00,0xC7,0x45,
0xF7,0x30,0x00,0x00,0x00,0x48,0x8D,0x4D,0xC7,0x48,0xC7,0x45,0xFF,0x00,0x00,0x00,
0x00,0x89,0x7D,0x0F,0xF3,0x0F,0x7F,0x45,0x17,0xC7,0x44,0x24,0x20,0x03,0x00,0x00,
0x00,0xFF,0x15,0x11,0x58,0x00,0x00,0x8B,0xD8,0x85,0xC0,0x79,0x18,0x0F,0xAE,0xE8,
0x8B,0xD0,0x48,0x8D,0x0D,0xA7,0x30,0x00,0x00,0xE8,0x72,0x1E,0x00,0x00,0x8B,0xC3,
0xE9,0xEC,0x00,0x00,0x00,0x48,0x8B,0x4D,0xC7,0x4C,0x8D,0x45,0x27,0x41,0xB9,0x18,
0x00,0x00,0x00,0xC7,0x44,0x24,0x20,0x05,0x00,0x00,0x00,0x48,0x8D,0x55,0xE7,0xFF,
0x15,0xDB,0x57,0x00,0x00,0x8B,0xD8,0x85,0xC0,0x79,0x05,0x0F,0xAE,0xE8,0xEB,0x32,
0x48,0x8B,0x55,0x2F,0x48,0x8D,0x42,0xFF,0x48,0x3D,0xFF,0x7F,0x00,0x00,0x0F,0x87,
0x9E,0x00,0x00,0x00,0x8B,0xD2,0x41,0xB8,0x4C,0x6B,0x73,0x54,0x48,0x8B,0xCF,0xFF,
0x15,0x93,0x57,0x00,0x00,0x48,0x8B,0xD8,0x48,0x85,0xC0,0x75,0x11,0xBB,0x9A,0x00,
0x00,0xC0,0x48,0x8B,0x4D,0xC7,0xFF,0x15,0x4C,0x57,0x00,0x00,0xEB,0x90,0x48,0x8B,
0x4D,0xC7,0x48,0x8D,0x45,0xCF,0x48,0xC7,0x44,0x24,0x40,0x00,0x00,0x00,0x00,0x45,
0x33,0xC9,0x48,0x89,0x44,0x24,0x38,0x45,0x33,0xC0,0x8B,0x45,0x2F,0x33,0xD2,0x89,
0x44,0x24,0x30,0x48,0x8D,0x45,0xE7,0x48,0x89,0x5C,0x24,0x28,0x48,0x89,0x44,0x24,
0x20,0xFF,0x15,0x69,0x57,0x00,0x00,0x48,0x8B,0x4D,0xC7,0x8B,0xF8,0xFF,0x15,0x05,
0x57,0x00,0x00,0x85,0xFF,0x78,0x19,0x48,0x8B,0x45,0x2F,0x48,0x39,0x45,0xEF,0x75,
0x0A,0x48,0x89,0x1E,0x41,0x89,0x06,0x33,0xC0,0xEB,0x26,0xBF,0x85,0x01,0x00,0xC0,
0xBA,0x4C,0x6B,0x73,0x54,0x48,0x8B,0xCB,0xFF,0x15,0xD2,0x56,0x00,0x00,0x8B,0xC7,
0xEB,0x0F,0x48,0x8B,0x4D,0xC7,0xFF,0x15,0xCC,0x56,0x00,0x00,0xB8,0x04,0x09,0x00,
0xC0,0x48,0x8B,0x4D,0x3F,0x48,0x33,0xCC,0xE8,0x03,0x1F,0x00,0x00,0x4C,0x8D,0x9C,
0x24,0xD0,0x00,0x00,0x00,0x49,0x8B,0x5B,0x30,0x49,0x8B,0x73,0x38,0x49,0x8B,0xE3,
0x41,0x5E,0x5F,0x5D,0xC3,0xCC,0xCC,0xCC,0x48,0x89,0x5C,0x24,0x08,0x57,0x48,0x83,
0xEC,0x20,0x48,0x8B,0xF9,0x48,0xC7,0x44,0x24,0x40,0x00,0x00,0x00,0x00,0x48,0x8D,
0x4C,0x24,0x40,0x48,0x8B,0xDA,0xE8,0xC5,0xFB,0xFF,0xFF,0x85,0xC0,0x79,0x11,0x0F,
0xAE,0xE8,0x8B,0xD0,0x48,0x8D,0x0D,0xD5,0x2F,0x00,0x00,0xE8,0x20,0x1D,0x00,0x00,
0x48,0x8B,0xD3,0x48,0x8B,0xCF,0xE8,0xE1,0xFD,0xFF,0xFF,0x48,0x8B,0x4C,0x24,0x40,
0x8B,0xD8,0xE8,0x91,0xFD,0xFF,0xFF,0x8B,0xC3,0x48,0x8B,0x5C,0x24,0x30,0x48,0x83,
0xC4,0x20,0x5F,0xC3,0x48,0x89,0x5C,0x24,0x08,0x55,0x56,0x57,0x48,0x8D,0x6C,0x24,
0xB9,0x48,0x81,0xEC,0xC0,0x00,0x00,0x00,0x48,0x8B,0xF1,0x48,0xC7,0x45,0x7F,0x00,
0x00,0x00,0x00,0x48,0x8D,0x4D,0x7F,0x8B,0xFA,0xE8,0x62,0xFB,0xFF,0xFF,0x85,0xC0,
0x79,0x11,0x0F,0xAE,0xE8,0x8B,0xD0,0x48,0x8D,0x0D,0x72,0x2F,0x00,0x00,0xE8,0xBD,
0x1C,0x00,0x00,0xC7,0x44,0x24,0x50,0x00,0x00,0x00,0x00,0x48,0x8D,0x05,0x8E,0x2E,
0x00,0x00,0x48,0xC7,0x44,0x24,0x48,0x00,0x00,0x00,0x00,0x4C,0x8D,0x4D,0x07,0xC7,
0x44,0x24,0x40,0x60,0x00,0x00,0x00,0x4C,0x8D,0x45,0x17,0xC7,0x44,0x24,0x38,0x05,
0x00,0x00,0x00,0x48,0x8D,0x4D,0x77,0x48,0x89,0x45,0xFF,0x0F,0x57,0xC0,0xC7,0x44,
0x24,0x30,0x03,0x00,0x00,0x00,0x48,0x8D,0x45,0xF7,0xC7,0x44,0x24,0x28,0x80,0x00,
0x00,0x00,0xBA,0x00,0x00,0x10,0x40,0x48,0xC7,0x44,0x24,0x20,0x00,0x00,0x00,0x00,
0xC7,0x45,0xF7,0x4C,0x00,0x4E,0x00,0x48,0xC7,0x45,0x77,0x00,0x00,0x00,0x00,0x48,
0xC7,0x45,0xE7,0x00,0x00,0x00,0x00,0xC7,0x45,0x17,0x30,0x00,0x00,0x00,0x48,0xC7,
0x45,0x1F,0x00,0x00,0x00,0x00,0xC7,0x45,0x2F,0x40,0x00,0x00,0x00,0x48,0x89,0x45,
0x27,0xF3,0x0F,0x7F,0x45,0x37,0xFF,0x15,0xA4,0x55,0x00,0x00,0x8B,0xD8,0x85,0xC0,
0x79,0x13,0x0F,0xAE,0xE8,0x8B,0xD0,0x48,0x8D,0x0D,0x82,0x2E,0x00,0x00,0xE8,0x0D,
0x1C,0x00,0x00,0xEB,0x70,0x48,0x8B,0x4D,0x77,0x48,0x8D,0x45,0xE7,0x48,0xC7,0x44,
0x24,0x40,0x00,0x00,0x00,0x00,0x45,0x33,0xC9,0x48,0x89,0x44,0x24,0x38,0x45,0x33,
0xC0,0x89,0x7C,0x24,0x30,0x48,0x8D,0x45,0x07,0x48,0x89,0x74,0x24,0x28,0x33,0xD2,
0x48,0x89,0x44,0x24,0x20,0xFF,0x15,0x7D,0x55,0x00,0x00,0x8B,0xD8,0x85,0xC0,0x78,
0x2A,0x48,0x8B,0x45,0x0F,0x4C,0x8D,0x45,0xEF,0x48,0x8B,0x4D,0x77,0x48,0x8D,0x55,
0x07,0x41,0xB9,0x08,0x00,0x00,0x00,0x48,0x89,0x45,0xEF,0xC7,0x44,0x24,0x20,0x14,
0x00,0x00,0x00,0xFF,0x15,0x3F,0x55,0x00,0x00,0x8B,0xD8,0x48,0x8B,0x4D,0x77,0xFF,
0x15,0xE3,0x54,0x00,0x00,0x48,0x8B,0x4D,0x7F,0xE8,0x1A,0xFC,0xFF,0xFF,0x8B,0xC3,
0x48,0x8B,0x9C,0x24,0xE0,0x00,0x00,0x00,0x48,0x81,0xC4,0xC0,0x00,0x00,0x00,0x5F,
0x5E,0x5D,0xC3,0xCC,0x48,0x89,0x5C,0x24,0x18,0x55,0x56,0x57,0x41,0x54,0x41,0x55,
0x41,0x56,0x41,0x57,0x48,0x8D,0x6C,0x24,0xD9,0x48,0x81,0xEC,0x90,0x00,0x00,0x00,
0x48,0x8B,0x05,0x09,0x64,0x00,0x00,0x48,0x33,0xC4,0x48,0x89,0x45,0x17,0x0F,0xB7,
0x31,0x33,0xDB,0xD1,0xEE,0x4C,0x8B,0xFA,0x4C,0x8B,0xE9,0x48,0x89,0x5A,0x08,0x89,
0x1A,0x8D,0x7B,0x08,0x3B,0xF7,0x72,0x36,0x48,0x8B,0x51,0x08,0x48,0xB9,0x5C,0x00,
0x44,0x00,0x65,0x00,0x76,0x00,0x48,0x39,0x0A,0x75,0x23,0x48,0xB9,0x69,0x00,0x63,
0x00,0x65,0x00,0x5C,0x00,0x48,0x39,0x4A,0x08,0x75,0x13,0x3B,0xF7,0x76,0x0F,0x8B,
0xC7,0x66,0x83,0x3C,0x42,0x5C,0x74,0x32,0xFF,0xC7,0x3B,0xFE,0x72,0xF1,0xB8,0x01,
0x00,0x00,0xC0,0x48,0x8B,0x4D,0x17,0x48,0x33,0xCC,0xE8,0x81,0x1C,0x00,0x00,0x48,
0x8B,0x9C,0x24,0xE0,0x00,0x00,0x00,0x48,0x81,0xC4,0x90,0x00,0x00,0x00,0x41,0x5F,
0x41,0x5E,0x41,0x5D,0x41,0x5C,0x5F,0x5E,0x5D,0xC3,0x8D,0x47,0xF8,0x83,0xF8,0x10,
0x73,0xCC,0x44,0x8B,0xF0,0x48,0x8D,0x4D,0xF7,0x4D,0x03,0xF6,0x48,0x83,0xC2,0x10,
0x4D,0x8B,0xC6,0xE8,0xD8,0x1F,0x00,0x00,0x49,0x83,0xFE,0x20,0x0F,0x83,0xCB,0x01,
0x00,0x00,0x48,0x8D,0x0D,0xC7,0x2D,0x00,0x00,0x66,0x42,0x89,0x5C,0x35,0xF7,0xE8,
0xF0,0xF8,0xFF,0xFF,0x48,0x8D,0x0D,0xF5,0x2D,0x00,0x00,0x4C,0x8B,0xF0,0xE8,0xE1,
0xF8,0xFF,0xFF,0x4C,0x8B,0xE0,0x4D,0x85,0xF6,0x0F,0x84,0x88,0x01,0x00,0x00,0x48,
0x85,0xC0,0x0F,0x84,0x7F,0x01,0x00,0x00,0x48,0x8D,0x55,0xF7,0x48,0x8D,0x4D,0xE7,
0xFF,0x15,0x12,0x53,0x00,0x00,0x4C,0x8D,0x4D,0xD7,0x48,0x89,0x5D,0xDF,0x4C,0x8D,
0x45,0xDF,0x48,0x89,0x5D,0xD7,0xBA,0x80,0x00,0x00,0x00,0x48,0x8D,0x4D,0xE7,0x49,
0x8B,0xC6,0xFF,0x15,0xD0,0x54,0x00,0x00,0x44,0x8B,0xF0,0x85,0xC0,0x79,0x1E,0x0F,
0xAE,0xE8,0x44,0x8B,0xC0,0x48,0x8D,0x55,0xE7,0x48,0x8D,0x0D,0x00,0x2E,0x00,0x00,
0xE8,0x2B,0x1A,0x00,0x00,0x41,0x8B,0xC6,0xE9,0x26,0xFF,0xFF,0xFF,0x48,0x8B,0x4D,
0xD7,0x48,0x8B,0x41,0x38,0x48,0x85,0xC0,0x74,0x0B,0x48,0x8B,0x40,0x08,0x48,0x85,
0xC0,0x48,0x0F,0x45,0xC8,0x0F,0x57,0xC0,0x48,0x8D,0x55,0xC7,0x49,0x8B,0xC4,0x0F,
0x11,0x45,0xC7,0xFF,0x15,0x7F,0x54,0x00,0x00,0x48,0x8B,0x4D,0xDF,0x44,0x8B,0xF0,
0xFF,0x15,0xFA,0x52,0x00,0x00,0x45,0x85,0xF6,0x0F,0x88,0xCE,0x00,0x00,0x00,0x4C,
0x8D,0x45,0xC7,0x48,0x8D,0x55,0xE7,0x48,0x8D,0x0D,0xF2,0x2D,0x00,0x00,0xE8,0xCD,
0x19,0x00,0x00,0x44,0x0F,0xB7,0x75,0xC7,0x41,0xD1,0xEE,0x41,0x83,0xFE,0x03,0x0F,
0x82,0x92,0x00,0x00,0x00,0x48,0x39,0x5D,0xCF,0x0F,0x84,0x88,0x00,0x00,0x00,0x2B,
0xF7,0xB9,0x40,0x00,0x00,0x00,0x41,0xB8,0x4C,0x6B,0x73,0x54,0x8D,0x46,0x02,0x44,
0x8D,0x24,0x00,0x41,0x8B,0xD4,0x48,0x83,0xC2,0x02,0xFF,0x15,0x08,0x53,0x00,0x00,
0x49,0x89,0x47,0x08,0x48,0x8B,0xD0,0x48,0x85,0xC0,0x75,0x07,0xBB,0x9A,0x00,0x00,
0xC0,0xEB,0x59,0x0F,0xAE,0xE8,0x48,0x8B,0x45,0xCF,0x41,0x8D,0x4E,0xFE,0x44,0x8B,
0xC6,0x4D,0x03,0xC0,0x0F,0xB7,0x0C,0x48,0x66,0x89,0x0A,0x49,0x8B,0x47,0x08,0x8B,
0xCF,0x66,0xC7,0x40,0x02,0x3A,0x00,0x49,0x8B,0x45,0x08,0x48,0x8D,0x14,0x48,0x49,
0x8B,0x4F,0x08,0x48,0x83,0xC1,0x04,0xE8,0x64,0x1E,0x00,0x00,0x49,0x8B,0x47,0x08,
0x8D,0x4E,0x02,0x66,0x89,0x1C,0x48,0x66,0x45,0x89,0x27,0x66,0x41,0x83,0xC4,0x02,
0x66,0x45,0x89,0x67,0x02,0xEB,0x05,0xBB,0x01,0x00,0x00,0xC0,0x48,0x8D,0x4D,0xC7,
0xFF,0x15,0xCA,0x52,0x00,0x00,0x8B,0xC3,0xE9,0x16,0xFE,0xFF,0xFF,0x0F,0xAE,0xE8,
0x41,0x8B,0xD6,0x48,0x8D,0x0D,0x66,0x2D,0x00,0x00,0xE8,0x01,0x19,0x00,0x00,0x0F,
0xAE,0xE8,0xE9,0xCE,0xFE,0xFF,0xFF,0x48,0x8D,0x0D,0x92,0x2C,0x00,0x00,0xE8,0xED,
0x18,0x00,0x00,0xB8,0x7A,0x00,0x00,0xC0,0xE9,0xE6,0xFD,0xFF,0xFF,0xE8,0xC6,0x18,
0x00,0x00,0xCC,0xCC,0x4C,0x89,0x44,0x24,0x18,0x4C,0x89,0x4C,0x24,0x20,0x53,0x56,
0x57,0x41,0x56,0x48,0x83,0xEC,0x28,0x48,0x8D,0x42,0xFF,0x33,0xDB,0x4C,0x8B,0xF1,
0x48,0x3D,0xFE,0xFF,0xFF,0x7F,0x76,0x0F,0xBF,0x0D,0x00,0x00,0xC0,0x48,0x85,0xD2,
0x74,0x31,0x66,0x89,0x19,0xEB,0x2C,0x48,0x8D,0x72,0xFF,0x8B,0xFB,0x48,0x8B,0xD6,
0x4C,0x8D,0x4C,0x24,0x68,0xE8,0x36,0x19,0x00,0x00,0x85,0xC0,0x78,0x0B,0x48,0x98,
0x48,0x3B,0xC6,0x77,0x04,0x75,0x0C,0xEB,0x05,0xBF,0x05,0x00,0x00,0x80,0x66,0x41,
0x89,0x1C,0x76,0x8B,0xC7,0x48,0x83,0xC4,0x28,0x41,0x5E,0x5F,0x5E,0x5B,0xC3,0xCC,
0x48,0x83,0xEC,0x28,0x4C,0x8D,0x05,0x35,0x39,0x00,0x00,0xE8,0x2C,0xF6,0xFF,0xFF,
0xC1,0xE8,0x1F,0x48,0x83,0xC4,0x28,0xC3,0x48,0x89,0x5C,0x24,0x08,0x48,0x89,0x6C,
0x24,0x10,0x48,0x89,0x74,0x24,0x18,0x57,0x41,0x54,0x41,0x55,0x41,0x56,0x41,0x57,
0x48,0x83,0xEC,0x50,0x45,0x33,0xED,0x44,0x8B,0xE2,0x66,0x44,0x39,0x2D,0xDE,0x6D,
0x00,0x00,0x45,0x8A,0xF9,0x4D,0x8B,0xF0,0x48,0x8B,0xF1,0x41,0x8B,0xED,0x74,0x23,
0x48,0x8D,0x3D,0xC9,0x71,0x00,0x00,0x48,0x8B,0xCF,0x48,0x8D,0x15,0xBF,0x6D,0x00,
0x00,0xFF,0x15,0xB1,0x50,0x00,0x00,0x48,0x8B,0xD7,0x48,0x8D,0x0D,0xDF,0x2C,0x00,
0x00,0xEB,0x7C,0x48,0x8D,0x0D,0x16,0x2D,0x00,0x00,0xE8,0x45,0xF6,0xFF,0xFF,0x48,
0x8B,0xD8,0x48,0x85,0xC0,0x75,0x0A,0xB8,0x7A,0x00,0x00,0xC0,0xE9,0x2D,0x01,0x00,
0x00,0xFF,0x15,0x91,0x51,0x00,0x00,0x48,0x8B,0xC8,0x48,0x8D,0x54,0x24,0x30,0x48,
0x8B,0xC3,0xFF,0x15,0x50,0x52,0x00,0x00,0x85,0xC0,0x0F,0x88,0x09,0x01,0x00,0x00,
0x48,0x8B,0x7C,0x24,0x30,0x48,0x85,0xFF,0x0F,0x84,0xFB,0x00,0x00,0x00,0x4C,0x39,
0x6F,0x08,0x0F,0x84,0xF1,0x00,0x00,0x00,0x48,0x8D,0x54,0x24,0x38,0x48,0x8B,0xCF,
0xE8,0x1F,0xFC,0xFF,0xFF,0x85,0xC0,0x78,0x1D,0x48,0x8B,0x6C,0x24,0x40,0x48,0x8D,
0x7C,0x24,0x38,0x48,0x8D,0x54,0x24,0x38,0x48,0x8D,0x0D,0xE1,0x2C,0x00,0x00,0xE8,
0x7C,0x17,0x00,0x00,0xEB,0x16,0x0F,0xAE,0xE8,0x4C,0x8B,0x44,0x24,0x30,0x48,0x8D,
0x0D,0x0B,0x2D,0x00,0x00,0x8B,0xD0,0xE8,0x64,0x17,0x00,0x00,0x48,0x8D,0x05,0x4D,
0x2D,0x00,0x00,0x48,0x89,0x7C,0x24,0x28,0x45,0x84,0xFF,0x4C,0x8D,0x0D,0x4E,0x2D,
0x00,0x00,0x4C,0x8D,0x05,0x57,0x2D,0x00,0x00,0x49,0x8B,0xD4,0x4C,0x0F,0x45,0xC8,
0x48,0x8B,0xCE,0x4C,0x89,0x4C,0x24,0x20,0x49,0x8B,0xDC,0xE8,0x54,0xFE,0xFF,0xFF,
0x8B,0xC8,0x85,0xC0,0x78,0x6C,0x48,0x85,0xF6,0x74,0x62,0x48,0x81,0xFB,0xFF,0xFF,
0xFF,0x7F,0x77,0x59,0x48,0x8B,0xFB,0x45,0x85,0xE4,0x74,0x10,0x66,0x44,0x39,0x2E,
0x74,0x0A,0x48,0x83,0xC6,0x02,0x48,0x83,0xEB,0x01,0x75,0xF0,0x48,0x8B,0xC3,0x48,
0xF7,0xD8,0x1B,0xC9,0xF7,0xD1,0x81,0xE1,0x0D,0x00,0x00,0xC0,0x48,0x85,0xDB,0x74,
0x05,0x48,0x2B,0xFB,0xEB,0x03,0x49,0x8B,0xFD,0x48,0x85,0xDB,0x74,0x24,0x48,0x85,
0xED,0x74,0x0E,0xBA,0x4C,0x6B,0x73,0x54,0x48,0x8B,0xCD,0xFF,0x15,0x0F,0x50,0x00,
0x00,0x4D,0x85,0xF6,0x74,0x03,0x41,0x89,0x3E,0x33,0xC0,0xEB,0x11,0xB9,0x0D,0x00,
0x00,0xC0,0x0F,0xAE,0xE8,0x8B,0xC1,0xEB,0x05,0xB8,0x01,0x00,0x00,0xC0,0x4C,0x8D,
0x5C,0x24,0x50,0x49,0x8B,0x5B,0x30,0x49,0x8B,0x6B,0x38,0x49,0x8B,0x73,0x40,0x49,
0x8B,0xE3,0x41,0x5F,0x41,0x5E,0x41,0x5D,0x41,0x5C,0x5F,0xC3,0x48,0x89,0x5C,0x24,
0x08,0x57,0x48,0x83,0xEC,0x20,0x40,0x8A,0xF9,0xBA,0x00,0x20,0x00,0x00,0xB9,0x40,
0x00,0x00,0x00,0x41,0xB8,0x4C,0x6B,0x73,0x54,0xFF,0x15,0xE9,0x4F,0x00,0x00,0xC7,
0x44,0x24,0x38,0x00,0x00,0x00,0x00,0x48,0x8B,0xD8,0x48,0x85,0xC0,0x75,0x07,0xB8,
0x9A,0x00,0x00,0xC0,0xEB,0x3E,0x44,0x8A,0xCF,0x4C,0x8D,0x44,0x24,0x38,0xBA,0x00,
0x10,0x00,0x00,0x48,0x8B,0xCB,0xE8,0xED,0xFD,0xFF,0xFF,0x8B,0xF8,0x85,0xC0,0x78,
0x13,0x0F,0xAE,0xE8,0x8B,0x54,0x24,0x38,0x48,0x8B,0xCB,0x03,0xD2,0xE8,0x32,0xF9,
0xFF,0xFF,0x8B,0xF8,0xBA,0x4C,0x6B,0x73,0x54,0x48,0x8B,0xCB,0xFF,0x15,0x5E,0x4F,
0x00,0x00,0x8B,0xC7,0x48,0x8B,0x5C,0x24,0x30,0x48,0x83,0xC4,0x20,0x5F,0xC3,0xCC,
0x4C,0x89,0x4C,0x24,0x20,0x48,0x89,0x4C,0x24,0x08,0x53,0x55,0x56,0x57,0x41,0x54,
0x41,0x55,0x41,0x56,0x41,0x57,0x48,0x83,0xEC,0x38,0x48,0x8D,0x05,0xFF,0x36,0x00,
0x00,0x45,0x84,0xC0,0x4C,0x8B,0xF0,0x48,0x8D,0x1D,0xB2,0x36,0x00,0x00,0x4C,0x0F,
0x45,0xF3,0x4C,0x8B,0xF9,0x48,0x0F,0x45,0xD8,0x4C,0x89,0x74,0x24,0x20,0x49,0x8B,
0xCE,0x48,0x89,0x5C,0x24,0x28,0x8B,0xFA,0xE8,0x3B,0xF4,0xFF,0xFF,0x48,0x8B,0xCB,
0x8B,0xE8,0xE8,0x31,0xF4,0xFF,0xFF,0x33,0xF6,0x89,0x84,0x24,0x88,0x00,0x00,0x00,
0x33,0xDB,0x44,0x8B,0xE0,0x3B,0xEF,0x0F,0x87,0x0E,0x01,0x00,0x00,0x0F,0xAE,0xE8,
0x8B,0xD7,0x48,0x63,0xCB,0x2B,0xD3,0x4D,0x8B,0xC6,0x49,0x8D,0x0C,0x4F,0xE8,0x59,
0xF3,0xFF,0xFF,0x85,0xC0,0x78,0x0D,0x03,0xC5,0xFF,0xC6,0x03,0xD8,0x8D,0x04,0x2B,
0x3B,0xC7,0x76,0xDC,0x85,0xF6,0x0F,0x84,0xDF,0x00,0x00,0x00,0x41,0x8B,0xC4,0xB9,
0x40,0x00,0x00,0x00,0x2B,0xC5,0x41,0xB8,0x4C,0x6B,0x73,0x54,0x0F,0xAF,0xC6,0x03,
0xC7,0x03,0xC0,0x8B,0xD0,0x44,0x8B,0xE0,0xFF,0x15,0xCA,0x4E,0x00,0x00,0x48,0x8B,
0xF0,0x48,0x85,0xC0,0x75,0x0A,0xB8,0x9A,0x00,0x00,0xC0,0xE9,0xAD,0x00,0x00,0x00,
0x45,0x33,0xF6,0x45,0x33,0xED,0x85,0xFF,0x0F,0x84,0x87,0x00,0x00,0x00,0x0F,0xAE,
0xE8,0x4C,0x8B,0x44,0x24,0x20,0x4F,0x8D,0x3C,0x77,0x8B,0xDF,0x49,0x8B,0xCF,0x41,
0x2B,0xDE,0x8B,0xD3,0xE8,0xE3,0xF2,0xFF,0xFF,0x89,0x84,0x24,0x90,0x00,0x00,0x00,
0x4A,0x8D,0x0C,0x6E,0x0F,0xAE,0xE8,0x49,0x8B,0xD7,0x85,0xC0,0x78,0x4C,0x4C,0x63,
0xC0,0x4D,0x03,0xC0,0xE8,0x17,0x1A,0x00,0x00,0x44,0x8B,0xBC,0x24,0x90,0x00,0x00,
0x00,0x48,0x8B,0x54,0x24,0x28,0x43,0x8D,0x1C,0x2F,0x44,0x8B,0xAC,0x24,0x88,0x00,
0x00,0x00,0x45,0x8B,0xC5,0x48,0x8D,0x0C,0x5E,0x4D,0x03,0xC0,0xE8,0xEF,0x19,0x00,
0x00,0x41,0x8D,0x04,0x2F,0x44,0x03,0xEB,0x4C,0x8B,0xBC,0x24,0x80,0x00,0x00,0x00,
0x44,0x03,0xF0,0x44,0x3B,0xF7,0x72,0x89,0xEB,0x0B,0x44,0x8B,0xC3,0x4D,0x03,0xC0,
0xE8,0xCB,0x19,0x00,0x00,0x48,0x8B,0x84,0x24,0x98,0x00,0x00,0x00,0x48,0x89,0x30,
0x48,0x8B,0x84,0x24,0xA0,0x00,0x00,0x00,0x44,0x89,0x20,0x33,0xC0,0x48,0x83,0xC4,
0x38,0x41,0x5F,0x41,0x5E,0x41,0x5D,0x41,0x5C,0x5F,0x5E,0x5D,0x5B,0xC3,0xCC,0xCC,
0x48,0x89,0x5C,0x24,0x08,0x48,0x89,0x74,0x24,0x10,0x57,0x48,0x83,0xEC,0x20,0x33,
0xFF,0x48,0x85,0xC9,0x74,0x44,0x8D,0x42,0xFF,0x3D,0xFE,0x01,0x00,0x00,0x77,0x3A,
0x8B,0xDA,0x48,0x8D,0x35,0x07,0x6A,0x00,0x00,0x48,0x8B,0xD1,0x48,0x03,0xDB,0x4C,
0x8B,0xC3,0x48,0x8B,0xCE,0xE8,0x66,0x19,0x00,0x00,0x48,0x81,0xFB,0x00,0x04,0x00,
0x00,0x73,0x2C,0x48,0x8B,0xD6,0x66,0x89,0x3C,0x33,0x48,0x8D,0x0D,0xDF,0x28,0x00,
0x00,0xE8,0x2A,0x14,0x00,0x00,0x33,0xC0,0xEB,0x05,0xB8,0x0D,0x00,0x00,0xC0,0x48,
0x8B,0x5C,0x24,0x30,0x48,0x8B,0x74,0x24,0x38,0x48,0x83,0xC4,0x20,0x5F,0xC3,0xE8,
0xF4,0x13,0x00,0x00,0xCC,0xCC,0xCC,0xCC,0x48,0x83,0xEC,0x28,0xE8,0x3F,0x00,0x00,
0x00,0x84,0xC0,0x75,0x15,0x4C,0x8D,0x05,0x34,0x35,0x00,0x00,0x33,0xD2,0x33,0xC9,
0xFF,0x15,0xB2,0x4D,0x00,0x00,0x32,0xC0,0xEB,0x20,0x48,0x8B,0x05,0xFF,0x6D,0x00,
0x00,0x80,0x38,0xFF,0x74,0x12,0xE8,0x59,0x03,0x00,0x00,0x84,0xC0,0x75,0x09,0x4C,
0x8D,0x05,0x5A,0x35,0x00,0x00,0xEB,0xD4,0xB0,0x01,0x48,0x83,0xC4,0x28,0xC3,0xCC,
0x40,0x55,0x53,0x56,0x57,0x41,0x56,0x48,0x8B,0xEC,0x48,0x83,0xEC,0x40,0x48,0x8D,
0x05,0x7B,0x35,0x00,0x00,0xC7,0x45,0xF0,0x30,0x00,0x32,0x00,0x48,0x8D,0x4D,0xF0,
0x48,0x89,0x45,0xF8,0xFF,0x15,0x46,0x4C,0x00,0x00,0x48,0x8D,0x15,0x5F,0x6D,0x00,
0x00,0x48,0x89,0x05,0x60,0x6D,0x00,0x00,0x48,0x8D,0x0D,0x49,0x6D,0x00,0x00,0xE8,
0x3C,0x0C,0x00,0x00,0x84,0xC0,0x75,0x18,0x4C,0x8D,0x05,0x81,0x35,0x00,0x00,0x33,
0xD2,0x33,0xC9,0xFF,0x15,0x2F,0x4D,0x00,0x00,0x32,0xC0,0xE9,0xD6,0x02,0x00,0x00,
0x4C,0x8D,0x35,0xB9,0x52,0x00,0x00,0x49,0x8B,0xCE,0x4C,0x8D,0x0D,0x3F,0x6D,0x00,
0x00,0x4C,0x8D,0x05,0xE8,0x4F,0x00,0x00,0x48,0x8D,0x15,0xC1,0x4F,0x00,0x00,0xE8,
0xB4,0x10,0x00,0x00,0x4C,0x8D,0x0D,0x2D,0x6D,0x00,0x00,0x8A,0xD8,0x4C,0x8D,0x05,
0x0C,0x50,0x00,0x00,0x48,0x8D,0x15,0xED,0x4F,0x00,0x00,0x48,0x8D,0x0D,0x8E,0x52,
0x00,0x00,0xE8,0x91,0x10,0x00,0x00,0x40,0x8A,0xF8,0x4C,0x8D,0x0D,0x1F,0x6D,0x00,
0x00,0x4C,0x8D,0x05,0x0C,0x50,0x00,0x00,0x49,0x8B,0xCE,0x48,0x8D,0x15,0xFA,0x4F,
0x00,0x00,0x40,0x22,0xFB,0xE8,0x6E,0x10,0x00,0x00,0x8A,0xD8,0x4C,0x8D,0x0D,0x1D,
0x6D,0x00,0x00,0x4C,0x8D,0x05,0x56,0x50,0x00,0x00,0x49,0x8B,0xCE,0x48,0x8D,0x15,
0xEC,0x4F,0x00,0x00,0x40,0x22,0xDF,0xE8,0x4C,0x10,0x00,0x00,0x40,0x8A,0xF8,0x4C,
0x8D,0x0D,0xF2,0x6C,0x00,0x00,0x4C,0x8D,0x05,0x9B,0x50,0x00,0x00,0x49,0x8B,0xCE,
0x48,0x8D,0x15,0x81,0x50,0x00,0x00,0x40,0x22,0xFB,0xE8,0x29,0x10,0x00,0x00,0x8A,
0xD8,0x4C,0x8D,0x0D,0xC8,0x6C,0x00,0x00,0x4C,0x8D,0x05,0x99,0x50,0x00,0x00,0x49,
0x8B,0xCE,0x48,0x8D,0x15,0x7F,0x50,0x00,0x00,0x40,0x22,0xDF,0xE8,0x07,0x10,0x00,
0x00,0x40,0x8A,0xF8,0x4C,0x8D,0x0D,0x8D,0x6C,0x00,0x00,0x4C,0x8D,0x05,0xA6,0x50,
0x00,0x00,0x49,0x8B,0xCE,0x48,0x8D,0x15,0x7C,0x50,0x00,0x00,0x40,0x22,0xFB,0xE8,
0xE4,0x0F,0x00,0x00,0x40,0x8A,0xF0,0x48,0xC7,0x45,0xE8,0x00,0x00,0x00,0x00,0x4C,
0x8D,0x4D,0xE8,0x48,0xC7,0x45,0x30,0x00,0x00,0x00,0x00,0x4C,0x8D,0x05,0xCE,0x50,
0x00,0x00,0x48,0xC7,0x45,0x38,0x00,0x00,0x00,0x00,0x48,0x8D,0x15,0xAF,0x50,0x00,
0x00,0x48,0xC7,0x45,0x40,0x00,0x00,0x00,0x00,0x49,0x8B,0xCE,0x48,0xC7,0x45,0x48,
0x00,0x00,0x00,0x00,0x40,0x22,0xF7,0x48,0xC7,0x45,0xE0,0x00,0x00,0x00,0x00,0xE8,
0x94,0x0F,0x00,0x00,0x8A,0xD8,0x4C,0x8D,0x4D,0x30,0x4C,0x8D,0x05,0x6F,0x50,0x00,
0x00,0x49,0x8B,0xCE,0x48,0x8D,0x15,0x55,0x50,0x00,0x00,0x40,0x22,0xDE,0xE8,0x75,
0x0F,0x00,0x00,0x40,0x8A,0xF8,0x4C,0x8D,0x4D,0x38,0x4C,0x8D,0x05,0x8F,0x50,0x00,
0x00,0x49,0x8B,0xCE,0x48,0x8D,0x15,0x75,0x50,0x00,0x00,0x40,0x22,0xFB,0xE8,0x55,
0x0F,0x00,0x00,0x8A,0xD8,0x4C,0x8D,0x4D,0x40,0x40,0x22,0xDF,0x4C,0x8D,0x05,0x9D,
0x50,0x00,0x00,0x48,0x8D,0x15,0x76,0x50,0x00,0x00,0x49,0x8B,0xCE,0xE8,0x36,0x0F,
0x00,0x00,0x40,0x8A,0xF8,0x4C,0x8D,0x4D,0xE0,0x4C,0x8D,0x05,0xE8,0x50,0x00,0x00,
0x49,0x8B,0xCE,0x48,0x8D,0x15,0xB6,0x50,0x00,0x00,0x40,0x22,0xFB,0xE8,0x16,0x0F,
0x00,0x00,0x8A,0xD8,0x4C,0x8D,0x4D,0x48,0x4C,0x8D,0x05,0x91,0x50,0x00,0x00,0x49,
0x8B,0xCE,0x48,0x8D,0x15,0x77,0x50,0x00,0x00,0x40,0x22,0xDF,0xE8,0xF7,0x0E,0x00,
0x00,0x22,0xC3,0xA8,0x01,0x75,0x0C,0x4C,0x8D,0x05,0xE2,0x33,0x00,0x00,0xE9,0xFC,
0xFD,0xFF,0xFF,0x48,0x8B,0x4D,0xE8,0x48,0x83,0x45,0x30,0x03,0x48,0x83,0xC1,0x03,
0x48,0x83,0x45,0x38,0x03,0x48,0x83,0x45,0x40,0x03,0x48,0x83,0x45,0x48,0x03,0x48,
0x83,0x45,0xE0,0x03,0x48,0x89,0x4D,0xE8,0xE8,0xF7,0x09,0x00,0x00,0x48,0x8B,0x4D,
0x30,0x48,0x89,0x05,0x18,0x6B,0x00,0x00,0xE8,0xE7,0x09,0x00,0x00,0x48,0x8B,0x4D,
0x38,0x48,0x89,0x05,0x10,0x6B,0x00,0x00,0xE8,0xD7,0x09,0x00,0x00,0x48,0x8B,0x4D,
0x40,0x48,0x89,0x05,0x18,0x6B,0x00,0x00,0xE8,0xC7,0x09,0x00,0x00,0x48,0x8B,0x4D,
0x48,0x48,0x89,0x05,0x20,0x6B,0x00,0x00,0xE8,0xB7,0x09,0x00,0x00,0x48,0x8B,0x4D,
0xE0,0x48,0x89,0x05,0x30,0x6B,0x00,0x00,0xE8,0xA7,0x09,0x00,0x00,0x48,0x8B,0x10,
0xB0,0x01,0x4C,0x8B,0xC2,0x48,0x89,0x15,0x24,0x6B,0x00,0x00,0x49,0xC1,0xE8,0x27,
0x41,0x81,0xE0,0xFF,0x01,0x00,0x00,0x41,0x8B,0xC8,0x48,0xC1,0xE1,0x1E,0x48,0x0B,
0xCA,0x41,0x8B,0xD0,0x48,0xC1,0xE2,0x15,0x48,0x0B,0xD1,0x49,0xC1,0xE0,0x0C,0x4C,
0x0B,0xC2,0x48,0x89,0x0D,0xFF,0x6A,0x00,0x00,0x48,0x89,0x15,0x00,0x6B,0x00,0x00,
0x48,0x8D,0x0D,0x49,0x89,0x00,0x00,0x48,0x8D,0x15,0x42,0xC9,0xFF,0xFF,0x4C,0x89,
0x05,0xF3,0x6A,0x00,0x00,0x48,0x2B,0xCA,0x48,0x89,0x15,0xF1,0x6A,0x00,0x00,0x48,
0x89,0x0D,0xF2,0x6A,0x00,0x00,0x48,0x83,0xC4,0x40,0x41,0x5E,0x5F,0x5E,0x5B,0x5D,
0xC3,0xCC,0xCC,0xCC,0x48,0x83,0xEC,0x28,0xE8,0xCF,0x06,0x00,0x00,0x84,0xC0,0x74,
0x30,0xE8,0x1E,0x06,0x00,0x00,0x84,0xC0,0x74,0x27,0xE8,0x7D,0x06,0x00,0x00,0x84,
0xC0,0x74,0x1E,0xE8,0x74,0x05,0x00,0x00,0x84,0xC0,0x74,0x15,0x4C,0x8D,0x05,0x0D,
0x33,0x00,0x00,0x33,0xD2,0x33,0xC9,0xFF,0x15,0x0B,0x4A,0x00,0x00,0xB0,0x01,0xEB,
0x02,0x32,0xC0,0x48,0x83,0xC4,0x28,0xC3,0xCC,0xCC,0xCC,0xCC,0xCC,0xCC,0xCC,0xCC,
0x66,0x90,0xCC,0xCC,0xCC,0xCC,0xCC,0xCC,0xCC,0xCC,0xCC,0xCC,0xCC,0xCC,0xCC,0xCC,
0xCC,0xCC,0xCC,0xCC,0xCC,0xCC,0xCC,0xCC,0xCC,0xCC,0xCC,0xCC,0xCC,0xCC,0xCC,0xCC,
0xCC,0xCC,0xC3,0xCC,0x48,0x89,0x5C,0x24,0x08,0x48,0x89,0x6C,0x24,0x10,0x48,0x89,
0x74,0x24,0x18,0x57,0x41,0x56,0x41,0x57,0x48,0x83,0xEC,0x20,0x4C,0x8B,0xFA,0x49,
0x8B,0xC8,0x49,0x8B,0xD1,0x49,0x8B,0xF9,0x4D,0x8B,0xF0,0xE8,0xF4,0x0A,0x00,0x00,
0xBD,0x01,0x00,0x00,0x00,0x48,0x8B,0xF0,0x48,0x8B,0x08,0x40,0x84,0xCD,0x0F,0x84,
0x8B,0x00,0x00,0x00,0x48,0x3B,0xFD,0x76,0x3B,0x0F,0xAE,0xE8,0x84,0xC9,0x78,0x34,
0x33,0xDB,0x48,0x8D,0x34,0xFD,0xFA,0xFF,0xFF,0xFF,0x48,0x8D,0x0C,0x3E,0x4C,0x8B,
0xC3,0x49,0xD3,0xE0,0x4C,0x8D,0x4F,0xFF,0x4D,0x0B,0xC6,0x49,0x8B,0xD7,0x49,0x8B,
0xCF,0xE8,0x8E,0xFF,0xFF,0xFF,0x48,0x03,0xDD,0x48,0x81,0xFB,0x00,0x02,0x00,0x00,
0x72,0xD8,0xEB,0x4B,0xF6,0xC1,0x02,0x74,0x46,0x48,0x85,0xC9,0x78,0x41,0x4C,0x8B,
0x05,0xDB,0x69,0x00,0x00,0x49,0x8D,0x56,0xFF,0x40,0x8A,0xC7,0xC0,0xE0,0x03,0x40,
0x02,0xF8,0x4D,0x8D,0x48,0xFF,0x4C,0x03,0x0D,0xCB,0x69,0x00,0x00,0x8D,0x4F,0x03,
0x48,0xD3,0xE5,0x49,0x8B,0xCE,0x48,0x03,0xD5,0xE8,0x22,0x07,0x00,0x00,0x84,0xC0,
0x75,0x0D,0x48,0xB8,0x00,0x00,0x00,0x00,0x00,0x00,0x00,0x80,0x48,0x09,0x06,0x48,
0x8B,0x5C,0x24,0x40,0x48,0x8B,0x6C,0x24,0x48,0x48,0x8B,0x74,0x24,0x50,0x48,0x83,
0xC4,0x20,0x41,0x5F,0x41,0x5E,0x5F,0xC3,0x48,0x89,0x5C,0x24,0x08,0x48,0x89,0x6C,
0x24,0x10,0x48,0x89,0x74,0x24,0x18,0x57,0x41,0x56,0x41,0x57,0x48,0x83,0xEC,0x20,
0x48,0x8B,0xFA,0x48,0x8B,0xD9,0xE8,0xB1,0x0A,0x00,0x00,0x48,0x3D,0x00,0x01,0x00,
0x00,0x72,0x47,0x0F,0xAE,0xE8,0x48,0x8B,0xC8,0xE8,0x46,0x04,0x00,0x00,0x84,0xC0,
0x75,0x38,0x0F,0xAE,0xE8,0x4C,0x8B,0xB7,0x80,0x01,0x00,0x00,0x49,0x83,0xE6,0xF8,
0xFF,0x15,0xAA,0x48,0x00,0x00,0x48,0x8B,0xCB,0x40,0x8A,0xF0,0xE8,0x03,0x08,0x00,
0x00,0x4C,0x8B,0xF8,0x48,0x85,0xC0,0x75,0x2C,0x4C,0x8D,0x05,0xD0,0x31,0x00,0x00,
0x33,0xD2,0x33,0xC9,0xFF,0x15,0x7E,0x48,0x00,0x00,0x32,0xC0,0x48,0x8B,0x5C,0x24,
0x40,0x48,0x8B,0x6C,0x24,0x48,0x48,0x8B,0x74,0x24,0x50,0x48,0x83,0xC4,0x20,0x41,
0x5F,0x41,0x5E,0x5F,0xC3,0xF6,0x00,0x04,0x75,0xE0,0x33,0xED,0x40,0x80,0xFE,0x02,
0x0F,0x82,0xEF,0x00,0x00,0x00,0x48,0x8B,0x9F,0x68,0x01,0x00,0x00,0x66,0x81,0x3B,
0x2E,0x48,0x75,0x40,0x80,0x7B,0x02,0x31,0x75,0x3A,0x48,0x8B,0x4F,0x40,0xE8,0x61,
0x0B,0x00,0x00,0x84,0xC0,0x75,0x2D,0x48,0x8B,0x87,0x68,0x01,0x00,0x00,0x48,0x39,
0x47,0x38,0x75,0x20,0x48,0x8B,0x8F,0x80,0x01,0x00,0x00,0x48,0x8B,0x01,0x48,0x89,
0x87,0x68,0x01,0x00,0x00,0x48,0x8D,0x41,0x08,0x48,0x89,0x87,0x80,0x01,0x00,0x00,
0xB0,0x01,0xEB,0x88,0x66,0x81,0x3B,0x48,0x31,0x75,0x2A,0x48,0x8B,0x4F,0x40,0xE8,
0x20,0x0B,0x00,0x00,0x84,0xC0,0x75,0x1D,0x48,0x8B,0x97,0x68,0x01,0x00,0x00,0x48,
0x8B,0x4F,0x38,0x48,0x8D,0x42,0xA0,0x48,0x3B,0xC1,0x73,0x09,0x48,0x8D,0x42,0x60,
0x48,0x3B,0xC1,0x77,0xAF,0x45,0x33,0xC0,0x41,0x8D,0x48,0x20,0x48,0x8D,0x53,0xE0,
0x48,0x03,0xD1,0x80,0x3A,0x48,0x75,0x2C,0x80,0x7C,0x0B,0xE1,0x9C,0x75,0x25,0x4C,
0x3B,0xC1,0x73,0x20,0x80,0x3A,0x48,0x48,0x8D,0x42,0x01,0x48,0x8B,0xD0,0x75,0x09,
0x80,0x38,0x83,0x0F,0x84,0x7B,0xFF,0xFF,0xFF,0x48,0x8B,0xC2,0x48,0x2B,0xC3,0x48,
0x3B,0xC1,0x72,0xE0,0x49,0xFF,0xC0,0x48,0xFF,0xC1,0x48,0x83,0xF9,0x40,0x72,0xBC,
0x40,0x80,0xFE,0x02,0x77,0x67,0x48,0x8B,0x05,0xDB,0x47,0x00,0x00,0x48,0x8B,0x18,
0xFF,0x15,0x62,0x47,0x00,0x00,0x48,0x3B,0xC3,0x75,0x52,0xFF,0x15,0x97,0x47,0x00,
0x00,0x85,0xC0,0x75,0x48,0x33,0xF6,0x49,0x8B,0xDE,0x48,0xC1,0xEB,0x0C,0x48,0x3B,
0xDD,0x74,0x0F,0x49,0x8B,0xCE,0xE8,0x95,0x0A,0x00,0x00,0x84,0xC0,0x74,0x2E,0x48,
0x8B,0xEB,0x49,0x8B,0x06,0x48,0x3B,0x05,0x54,0x47,0x00,0x00,0x74,0x37,0x48,0x3B,
0x05,0x53,0x47,0x00,0x00,0x74,0x2E,0x48,0x3B,0x05,0x52,0x47,0x00,0x00,0x74,0x25,
0x48,0xFF,0xC6,0x49,0x83,0xC6,0x08,0x48,0x83,0xFE,0x20,0x72,0xBA,0x48,0xB8,0xFF,
0xFF,0xFF,0xFF,0xFF,0xFF,0xFF,0x7F,0x49,0x21,0x07,0x0F,0x20,0xD8,0x0F,0x22,0xD8,
0xE9,0x85,0xFE,0xFF,0xFF,0x48,0x8B,0xCF,0xE8,0x0F,0x01,0x00,0x00,0xE9,0xEE,0xFE,
0xFF,0xFF,0xCC,0xCC,0xCC,0xCC,0xCC,0xCC,0xCC,0xCC,0xCC,0xCC,0xCC,0xCC,0xCC,0xCC,
0x48,0x8B,0xC4,0x48,0x89,0x58,0x08,0x48,0x89,0x68,0x10,0x48,0x89,0x70,0x18,0x48,
0x89,0x78,0x20,0x41,0x56,0x48,0x83,0xEC,0x30,0x33,0xC9,0xC6,0x40,0xE8,0x00,0x49,
0x8B,0xE9,0x4D,0x8B,0xF0,0xFF,0x15,0xF5,0x46,0x00,0x00,0x33,0xC9,0x8B,0xD8,0xFF,
0x15,0xF3,0x46,0x00,0x00,0x44,0x8B,0xD0,0x33,0xD2,0xB8,0x00,0x01,0x00,0x00,0xB9,
0x01,0x00,0x00,0x00,0x48,0xF7,0xF3,0xBA,0x00,0x02,0x00,0x00,0x48,0x3B,0xC1,0x8B,
0xFA,0x8B,0xF2,0x48,0x0F,0x47,0xC8,0x48,0x8B,0xC1,0x49,0x0F,0xAF,0xC2,0x48,0x05,
0x00,0x01,0x00,0x00,0x48,0x3B,0xC2,0x48,0x0F,0x42,0xF8,0x49,0x8D,0x42,0x01,0x48,
0x0F,0xAF,0xC1,0x48,0x05,0x00,0x01,0x00,0x00,0x48,0x3B,0xC2,0x48,0x0F,0x42,0xF0,
0x48,0x8D,0x43,0xFF,0x4C,0x3B,0xD0,0x48,0x0F,0x44,0xF2,0xEB,0x33,0x48,0x8B,0xCF,
0xE8,0xDF,0x01,0x00,0x00,0x84,0xC0,0x75,0x24,0x48,0x8B,0xCF,0x48,0xC1,0xE1,0x27,
0xE8,0xC3,0x09,0x00,0x00,0x4C,0x8B,0xC0,0x48,0x8D,0x54,0x24,0x20,0x41,0xB9,0x04,
0x00,0x00,0x00,0x48,0x8D,0x4C,0x24,0x20,0xE8,0x57,0xFC,0xFF,0xFF,0x48,0xFF,0xC7,
0x48,0x3B,0xFE,0x72,0xC8,0x0F,0x20,0xD9,0x0F,0x22,0xD9,0x48,0x8B,0xCD,0xFF,0x15,
0x6C,0x46,0x00,0x00,0x49,0x8B,0xCE,0xFF,0x15,0x5B,0x46,0x00,0x00,0x48,0x8B,0x5C,
0x24,0x40,0xB0,0x01,0x48,0x8B,0x6C,0x24,0x48,0x48,0x8B,0x74,0x24,0x50,0x48,0x8B,
0x7C,0x24,0x58,0x48,0x83,0xC4,0x30,0x41,0x5E,0xC3,0xCC,0xCC,0x40,0x53,0x48,0x83,
0xEC,0x20,0x48,0x83,0xA1,0x80,0x01,0x00,0x00,0xF0,0x48,0x8B,0xD9,0x48,0x8B,0x81,
0x80,0x01,0x00,0x00,0x48,0x83,0xC0,0x28,0x48,0xC7,0x41,0x38,0x00,0x00,0x00,0x00,
0x48,0x89,0x41,0x48,0x48,0xC7,0x41,0x40,0x00,0x00,0x00,0x00,0x48,0xB9,0x00,0x50,
0x65,0x87,0xA9,0xCB,0xED,0xFF,0x48,0x89,0x08,0xB1,0x01,0x48,0x8B,0x83,0x68,0x01,
0x00,0x00,0x48,0x8B,0x93,0x80,0x01,0x00,0x00,0x48,0x89,0x02,0x48,0x8B,0x05,0xAD,
0x45,0x00,0x00,0x48,0x83,0x83,0x80,0x01,0x00,0x00,0x08,0x48,0x89,0x83,0x68,0x01,
0x00,0x00,0xFF,0x15,0x90,0x45,0x00,0x00,0x0F,0xBA,0xAB,0x78,0x01,0x00,0x00,0x09,
0x48,0x83,0xC4,0x20,0x5B,0xC3,0xCC,0xCC,0xCC,0xCC,0xCC,0xCC,0xCC,0xCC,0xCC,0xCC,
0x48,0x89,0x5C,0x24,0x08,0x48,0x89,0x6C,0x24,0x10,0x48,0x89,0x74,0x24,0x18,0x57,
0x48,0x83,0xEC,0x30,0x48,0x8B,0x44,0x24,0x38,0x49,0x8B,0xD9,0x48,0x3B,0x05,0xA5,
0x65,0x00,0x00,0x41,0x8A,0xE8,0x48,0x8B,0xF2,0x8B,0xF9,0x75,0x1E,0x40,0xF6,0xC7,
0x06,0x75,0x18,0x48,0x85,0xDB,0x74,0x13,0x48,0x8B,0xD3,0x48,0x8B,0xCE,0xE8,0x35,
0xFC,0xFF,0xFF,0x84,0xC0,0x74,0x04,0x33,0xC0,0xEB,0x18,0x48,0x8B,0x05,0xEE,0x53,
0x00,0x00,0x4C,0x8B,0xCB,0x44,0x8A,0xC5,0x48,0x8B,0xD6,0x8B,0xCF,0xFF,0x15,0xC5,
0x45,0x00,0x00,0x48,0x8B,0x5C,0x24,0x40,0x48,0x8B,0x6C,0x24,0x48,0x48,0x8B,0x74,
0x24,0x50,0x48,0x83,0xC4,0x30,0x5F,0xC3,0x48,0x83,0xEC,0x28,0x48,0x8B,0x0D,0x3D,
0x65,0x00,0x00,0x4C,0x8D,0x05,0xE6,0xFA,0xFF,0xFF,0x41,0xB9,0x0F,0x00,0x00,0x00,
0x48,0x8D,0x15,0x69,0xFF,0xFF,0xFF,0xE8,0x14,0x07,0x00,0x00,0x84,0xC0,0x75,0x15,
0x4C,0x8D,0x05,0x59,0x2E,0x00,0x00,0x33,0xD2,0x33,0xC9,0xFF,0x15,0xB7,0x44,0x00,
0x00,0x32,0xC0,0xEB,0x02,0xB0,0x01,0x48,0x83,0xC4,0x28,0xC3,0x48,0x83,0xEC,0x28,
0xE8,0xB3,0xFF,0xFF,0xFF,0x33,0xD2,0x84,0xC0,0x75,0x13,0x4C,0x8D,0x05,0x8E,0x2E,
0x00,0x00,0x33,0xC9,0xFF,0x15,0x8E,0x44,0x00,0x00,0x32,0xC0,0xEB,0x0F,0x48,0x8D,
0x0D,0x9B,0xFD,0xFF,0xFF,0xFF,0x15,0xC5,0x44,0x00,0x00,0xB0,0x01,0x48,0x83,0xC4,
0x28,0xC3,0xCC,0xCC,0x40,0x53,0x48,0x83,0xEC,0x30,0x48,0x8B,0xD9,0xE8,0x5A,0x06,
0x00,0x00,0x3C,0xFF,0x74,0x46,0xC7,0x44,0x24,0x20,0x01,0x00,0x00,0x00,0x48,0x8D,
0x4C,0x24,0x20,0xC7,0x44,0x24,0x24,0x0B,0x00,0x00,0x00,0xC7,0x44,0x24,0x28,0x05,
0x00,0x00,0x00,0x0F,0xB6,0xD0,0x3B,0x11,0x74,0x22,0x48,0x83,0xC1,0x04,0x48,0x8D,
0x44,0x24,0x2C,0x48,0x3B,0xC8,0x75,0xEE,0x48,0x8B,0x0D,0xA1,0x64,0x00,0x00,0xE8,
0x08,0x06,0x00,0x00,0x48,0x3B,0xD8,0x0F,0x94,0xC0,0xEB,0x02,0xB0,0x01,0x48,0x83,
0xC4,0x30,0x5B,0xC3,0x48,0x83,0xEC,0x28,0xE8,0x1B,0x00,0x00,0x00,0x84,0xC0,0x74,
0x10,0x48,0x8B,0x05,0x38,0x64,0x00,0x00,0x48,0xC7,0x00,0x00,0x00,0x00,0x00,0xB0,
0x01,0x48,0x83,0xC4,0x28,0xC3,0xCC,0xCC,0x48,0x83,0xEC,0x28,0x48,0x8B,0x15,0x25,
0x64,0x00,0x00,0x48,0x8D,0x4C,0x24,0x30,0x41,0xB8,0x02,0x00,0x00,0x00,0x66,0xC7,
0x44,0x24,0x30,0xC3,0xCC,0xE8,0xA2,0x08,0x00,0x00,0x84,0xC0,0x75,0x15,0x4C,0x8D,
0x05,0x0B,0x2E,0x00,0x00,0x33,0xD2,0x33,0xC9,0xFF,0x15,0xB9,0x43,0x00,0x00,0x32,
0xC0,0xEB,0x02,0xB0,0x01,0x48,0x83,0xC4,0x28,0xC3,0xCC,0xCC,0x48,0x83,0xEC,0x28,
0xE8,0x0B,0x00,0x00,0x00,0x84,0xC0,0x0F,0x95,0xC0,0x48,0x83,0xC4,0x28,0xC3,0xCC,
0x48,0x83,0xEC,0x28,0x48,0x8B,0x15,0xD5,0x63,0x00,0x00,0x48,0x8D,0x4C,0x24,0x30,
0x41,0xB8,0x02,0x00,0x00,0x00,0x66,0xC7,0x44,0x24,0x30,0xC3,0xCC,0xE8,0x4A,0x08,
0x00,0x00,0x84,0xC0,0x0F,0x95,0xC0,0x48,0x83,0xC4,0x28,0xC3,0x48,0x83,0xEC,0x28,
0x33,0xD2,0x48,0x8D,0x0D,0x27,0x00,0x00,0x00,0xFF,0x15,0xA1,0x43,0x00,0x00,0x48,
0x8B,0x05,0xBA,0x63,0x00,0x00,0x48,0x8B,0x0D,0xBB,0x63,0x00,0x00,0x48,0x89,0x41,
0x18,0xB0,0x01,0x48,0x83,0xC4,0x28,0xC3,0xCC,0xCC,0xCC,0xCC,0xCC,0xCC,0xCC,0xCC,
0x48,0x8B,0xC4,0x48,0x89,0x58,0x08,0x48,0x89,0x68,0x10,0x48,0x89,0x70,0x18,0x48,
0x89,0x78,0x20,0x41,0x54,0x41,0x56,0x41,0x57,0x48,0x83,0xEC,0x20,0x65,0x48,0x8B,
0x1C,0x25,0x20,0x00,0x00,0x00,0x4D,0x8B,0xF9,0x4D,0x8B,0xE0,0xBD,0x00,0x02,0x00,
0x00,0x48,0x8D,0xBB,0x08,0x43,0x00,0x00,0x48,0x8B,0x37,0xEB,0x38,0x4C,0x8D,0x76,
0xE0,0x49,0x8B,0xCE,0xE8,0x93,0x00,0x00,0x00,0x84,0xC0,0x74,0x25,0x4C,0x8B,0x05,
0x04,0x63,0x00,0x00,0x48,0x8B,0x05,0xF5,0x62,0x00,0x00,0x41,0x0F,0xB6,0x08,0x48,
0x8B,0x10,0x48,0x0F,0xCA,0x49,0x33,0xD6,0x48,0xD3,0xCA,0x49,0x33,0x10,0x49,0x89,
0x56,0x30,0x48,0x8B,0x36,0x48,0x3B,0xF7,0x75,0xC3,0x48,0x83,0xC7,0x20,0x48,0x83,
0xED,0x01,0x75,0xB4,0x48,0x39,0xAB,0x80,0x00,0x00,0x00,0x74,0x07,0x48,0x89,0xAB,
0x80,0x00,0x00,0x00,0x48,0x83,0xBB,0xE0,0x00,0x00,0x00,0x00,0x74,0x0B,0x48,0xC7,
0x83,0xE0,0x00,0x00,0x00,0x00,0x00,0x00,0x00,0x49,0x8B,0xCF,0xFF,0x15,0xDE,0x42,
0x00,0x00,0x49,0x8B,0xCC,0xFF,0x15,0xCD,0x42,0x00,0x00,0x48,0x8B,0x5C,0x24,0x40,
0xB0,0x01,0x48,0x8B,0x6C,0x24,0x48,0x48,0x8B,0x74,0x24,0x50,0x48,0x8B,0x7C,0x24,
0x58,0x48,0x83,0xC4,0x20,0x41,0x5F,0x41,0x5E,0x41,0x5C,0xC3,0x40,0x53,0x48,0x83,
0xEC,0x20,0x48,0x8B,0x05,0x6F,0x62,0x00,0x00,0x4C,0x8B,0xC1,0x0F,0xB6,0x08,0x49,
0x8B,0x58,0x30,0x48,0x33,0x18,0x48,0x8B,0x05,0x53,0x62,0x00,0x00,0x48,0xD3,0xC3,
0x49,0x33,0xD8,0x48,0x0F,0xCB,0x48,0x33,0x18,0x74,0x2A,0x48,0x8B,0x4B,0x20,0xE8,
0x50,0x05,0x00,0x00,0x84,0xC0,0x74,0x19,0x48,0x8B,0x43,0x18,0x48,0x3B,0x05,0x3D,
0x62,0x00,0x00,0x74,0x0C,0x48,0x3B,0x05,0x3C,0x62,0x00,0x00,0x0F,0x94,0xC0,0xEB,
0x06,0xB0,0x01,0xEB,0x02,0x32,0xC0,0x48,0x83,0xC4,0x20,0x5B,0xC3,0xCC,0xCC,0xCC,
0x49,0x3B,0xD0,0x72,0x08,0x4C,0x3B,0xC9,0x72,0x03,0xB0,0x01,0xC3,0x33,0xC0,0xC3,
0x48,0x89,0x5C,0x24,0x08,0x48,0x89,0x74,0x24,0x10,0x57,0x48,0x83,0xEC,0x20,0x33,
0xF6,0x4D,0x8B,0xD8,0x48,0x8B,0xDA,0x4C,0x8B,0xD1,0x48,0x85,0xC9,0x0F,0x84,0x8D,
0x00,0x00,0x00,0x48,0x85,0xD2,0x0F,0x84,0x84,0x00,0x00,0x00,0x4D,0x85,0xC0,0x74,
0x7F,0x4D,0x85,0xC9,0x74,0x7A,0xB8,0x4D,0x5A,0x00,0x00,0x66,0x39,0x01,0x75,0x67,
0x48,0x63,0x49,0x3C,0x49,0x03,0xCA,0x81,0x39,0x50,0x45,0x00,0x00,0x75,0x58,0x0F,
0xB7,0x51,0x14,0x44,0x0F,0xB7,0xC6,0x0F,0xB7,0x79,0x06,0x48,0x03,0xD1,0x66,0x3B,
0xF7,0x73,0x1C,0x41,0x0F,0xB7,0xC0,0x48,0x8D,0x0C,0x80,0x48,0x8B,0x44,0xCA,0x18,
0x48,0x3B,0x03,0x74,0x13,0x66,0x41,0xFF,0xC0,0x66,0x44,0x3B,0xC7,0x72,0xE4,0x4C,
0x8D,0x05,0x3A,0x30,0x00,0x00,0xEB,0x2F,0x8B,0x44,0xCA,0x20,0x85,0xC0,0x75,0x04,
0x8B,0x44,0xCA,0x28,0x8B,0x4C,0xCA,0x24,0x49,0x03,0xCA,0x49,0x89,0x0B,0x8B,0xC8,
0xB0,0x01,0x49,0x89,0x09,0xEB,0x1C,0x4C,0x8D,0x05,0xD2,0x2F,0x00,0x00,0xEB,0x07,
0x4C,0x8D,0x05,0x89,0x2F,0x00,0x00,0x33,0xD2,0x33,0xC9,0xFF,0x15,0x27,0x41,0x00,
0x00,0x32,0xC0,0x48,0x8B,0x5C,0x24,0x30,0x48,0x8B,0x74,0x24,0x38,0x48,0x83,0xC4,
0x20,0x5F,0xC3,0xCC,0x8B,0x01,0x48,0x83,0xC0,0x04,0x48,0x03,0xC1,0xC3,0xCC,0xCC,
0x48,0x89,0x5C,0x24,0x08,0x57,0x48,0x81,0xEC,0x50,0x01,0x00,0x00,0x48,0x8B,0xDA,
0x48,0x8B,0xF9,0x33,0xD2,0x48,0x8D,0x4C,0x24,0x20,0x41,0xB8,0x28,0x01,0x00,0x00,
0xE8,0x3B,0x09,0x00,0x00,0x48,0x8D,0x54,0x24,0x20,0x48,0x8D,0x0D,0xBF,0x2E,0x00,
0x00,0xE8,0x76,0x00,0x00,0x00,0x85,0xC0,0x79,0x15,0x4C,0x8D,0x05,0xDF,0x2E,0x00,
0x00,0x33,0xD2,0x33,0xC9,0xFF,0x15,0xBD,0x40,0x00,0x00,0x32,0xC0,0xEB,0x11,0x48,
0x8B,0x44,0x24,0x30,0x48,0x89,0x07,0x8B,0x44,0x24,0x38,0x48,0x89,0x03,0xB0,0x01,
0x48,0x8B,0x9C,0x24,0x60,0x01,0x00,0x00,0x48,0x81,0xC4,0x50,0x01,0x00,0x00,0x5F,
0xC3,0xCC,0xCC,0xCC,0x48,0x89,0x5C,0x24,0x08,0x57,0x48,0x83,0xEC,0x20,0x48,0x8B,
0xF9,0xBB,0x04,0x00,0x00,0x00,0x48,0x8B,0xD3,0x48,0x8B,0xCF,0xE8,0xC3,0x01,0x00,
0x00,0xF6,0x00,0x01,0x75,0x08,0x33,0xC0,0x48,0x83,0xEB,0x01,0x75,0xE8,0x48,0x8B,
0x5C,0x24,0x30,0x48,0x83,0xC4,0x20,0x5F,0xC3,0xCC,0xCC,0xCC,0x48,0x89,0x5C,0x24,
0x08,0x48,0x89,0x6C,0x24,0x10,0x56,0x57,0x41,0x56,0x48,0x83,0xEC,0x30,0x48,0x8B,
0x05,0x53,0x60,0x00,0x00,0x48,0x8B,0xFA,0x4C,0x8B,0xF1,0x48,0x85,0xC0,0x75,0x1B,
0x4C,0x8D,0x05,0xE9,0x2C,0x00,0x00,0x33,0xD2,0x33,0xC9,0xFF,0x15,0x27,0x40,0x00,
0x00,0xB8,0x01,0x00,0x00,0xC0,0xE9,0xE6,0x00,0x00,0x00,0x45,0x33,0xC0,0xC7,0x44,
0x24,0x60,0x00,0x00,0x00,0x00,0x4C,0x8D,0x4C,0x24,0x60,0x48,0x8D,0x54,0x24,0x60,
0x41,0x8D,0x58,0x0B,0x8B,0xCB,0xFF,0x15,0xBC,0x40,0x00,0x00,0x8B,0x54,0x24,0x60,
0x8D,0x4B,0x35,0x41,0xB8,0x67,0x73,0x72,0x4B,0xFF,0x15,0x99,0x3F,0x00,0x00,0x48,
0x8B,0xE8,0x48,0x85,0xC0,0x75,0x1B,0x4C,0x8D,0x05,0xF2,0x2C,0x00,0x00,0x33,0xD2,
0x33,0xC9,0xFF,0x15,0xD0,0x3F,0x00,0x00,0xB8,0x9A,0x00,0x00,0xC0,0xE9,0x8F,0x00,
0x00,0x00,0x48,0x8B,0x05,0xCF,0x5F,0x00,0x00,0x4C,0x8D,0x4C,0x24,0x60,0x44,0x8B,
0x44,0x24,0x60,0x48,0x8B,0xD5,0x8B,0xCB,0xFF,0x15,0x6A,0x40,0x00,0x00,0x8B,0xD8,
0x0F,0xAE,0xE8,0x85,0xC0,0x79,0x16,0x44,0x8B,0xC8,0x4C,0x8D,0x05,0xEF,0x2C,0x00,
0x00,0x33,0xD2,0x33,0xC9,0xFF,0x15,0x8D,0x3F,0x00,0x00,0xEB,0x44,0x33,0xF6,0x39,
0x75,0x00,0x76,0x27,0x8B,0xC6,0x49,0x8B,0xD6,0x48,0x69,0xD8,0x28,0x01,0x00,0x00,
0x48,0x83,0xC3,0x08,0x48,0x03,0xDD,0x48,0x8D,0x4B,0x28,0xE8,0x46,0x06,0x00,0x00,
0x85,0xC0,0x74,0x40,0xFF,0xC6,0x3B,0x75,0x00,0x72,0xD9,0x4C,0x8D,0x05,0xFE,0x2C,
0x00,0x00,0x33,0xD2,0x33,0xC9,0xFF,0x15,0x4C,0x3F,0x00,0x00,0xBB,0x25,0x02,0x00,
0xC0,0xBA,0x67,0x73,0x72,0x4B,0x48,0x8B,0xCD,0xFF,0x15,0xB1,0x3E,0x00,0x00,0x8B,
0xC3,0x48,0x8B,0x5C,0x24,0x50,0x48,0x8B,0x6C,0x24,0x58,0x48,0x83,0xC4,0x30,0x41,
0x5E,0x5F,0x5E,0xC3,0xB8,0x02,0x00,0x00,0x00,0x8D,0x48,0x7E,0x0F,0x10,0x03,0x0F,
0x10,0x4B,0x10,0x0F,0x11,0x07,0x0F,0x10,0x43,0x20,0x0F,0x11,0x4F,0x10,0x0F,0x10,
0x4B,0x30,0x0F,0x11,0x47,0x20,0x0F,0x10,0x43,0x40,0x0F,0x11,0x4F,0x30,0x0F,0x10,
0x4B,0x50,0x0F,0x11,0x47,0x40,0x0F,0x10,0x43,0x60,0x0F,0x11,0x4F,0x50,0x0F,0x10,
0x4B,0x70,0x48,0x03,0xD9,0x0F,0x11,0x47,0x60,0x48,0x03,0xF9,0x0F,0x11,0x4F,0xF0,
0x48,0x83,0xE8,0x01,0x75,0xB6,0x0F,0x10,0x03,0x48,0x8B,0x43,0x20,0x0F,0x10,0x4B,
0x10,0x33,0xDB,0x0F,0x11,0x07,0x0F,0x11,0x4F,0x10,0x48,0x89,0x47,0x20,0xE9,0x6E,
0xFF,0xFF,0xFF,0xCC,0x48,0x83,0xEC,0x28,0x48,0x8D,0x42,0xFF,0x4C,0x8B,0xC1,0x48,
0x83,0xF8,0x03,0x77,0x6F,0x48,0x83,0xFA,0x01,0x75,0x1A,0x49,0xC1,0xE8,0x09,0x48,
0xB8,0xF8,0xFF,0xFF,0xFF,0x7F,0x00,0x00,0x00,0x4C,0x23,0xC0,0x4C,0x03,0x05,0xFD,
0x5E,0x00,0x00,0xEB,0x4A,0x48,0x83,0xFA,0x02,0x75,0x14,0x49,0xC1,0xE8,0x12,0x41,
0x81,0xE0,0xF8,0xFF,0xFF,0x3F,0x4C,0x03,0x05,0xEB,0x5E,0x00,0x00,0xEB,0x30,0x48,
0x83,0xFA,0x03,0x75,0x14,0x49,0xC1,0xE8,0x1B,0x41,0x81,0xE0,0xF8,0xFF,0x1F,0x00,
0x4C,0x03,0x05,0xD9,0x5E,0x00,0x00,0xEB,0x16,0x48,0x8B,0x0D,0xD8,0x5E,0x00,0x00,
0x49,0xC1,0xE8,0x27,0x41,0x81,0xE0,0xFF,0x01,0x00,0x00,0x4E,0x8D,0x04,0xC1,0x49,
0x8B,0xC0,0xEB,0x13,0x4C,0x8D,0x05,0x45,0x2A,0x00,0x00,0x33,0xD2,0x33,0xC9,0xFF,
0x15,0x23,0x3E,0x00,0x00,0x33,0xC0,0x48,0x83,0xC4,0x28,0xC3,0x48,0xC1,0xE9,0x27,
0x81,0xE1,0xFF,0x01,0x00,0x00,0x8B,0xC1,0xC3,0xCC,0xCC,0xCC,0x48,0x83,0xEC,0x28,
0x48,0x83,0x3D,0x50,0x5E,0x00,0x00,0x00,0x75,0x09,0x4C,0x8D,0x05,0x7F,0x29,0x00,
0x00,0xEB,0x29,0x48,0x8D,0x81,0x00,0xFF,0xFF,0xFF,0x48,0x3D,0xFF,0x00,0x00,0x00,
0x77,0x13,0x0F,0xAE,0xE8,0x48,0x8B,0x05,0x2C,0x5E,0x00,0x00,0x8A,0x84,0x08,0x68,
0x13,0x00,0x00,0xEB,0x13,0x4C,0x8D,0x05,0xA4,0x29,0x00,0x00,0x33,0xD2,0x33,0xC9,
0xFF,0x15,0xC2,0x3D,0x00,0x00,0xB0,0xFF,0x48,0x83,0xC4,0x28,0xC3,0xCC,0xCC,0xCC,
0x48,0x89,0x5C,0x24,0x08,0x48,0x89,0x74,0x24,0x10,0x55,0x57,0x41,0x56,0x48,0x8B,
0xEC,0x48,0x83,0xEC,0x30,0x49,0x8B,0xF9,0xC7,0x45,0x38,0xFF,0x25,0x00,0x00,0x41,
0xB9,0x0E,0x00,0x00,0x00,0x66,0xC7,0x45,0x3C,0x00,0x00,0x49,0x8B,0xF0,0x4C,0x8B,
0xF2,0x48,0x8B,0xD9,0x49,0x3B,0xF9,0x73,0x26,0x4C,0x8D,0x05,0xD0,0x29,0x00,0x00,
0x33,0xD2,0x33,0xC9,0xFF,0x15,0x6E,0x3D,0x00,0x00,0x32,0xC0,0x48,0x8B,0x5C,0x24,
0x50,0x48,0x8B,0x74,0x24,0x58,0x48,0x83,0xC4,0x30,0x41,0x5E,0x5F,0x5D,0xC3,0x0F,
0xAE,0xE8,0x4C,0x8B,0xC7,0x48,0x8B,0xD6,0xE8,0x1F,0x02,0x00,0x00,0x84,0xC0,0x74,
0xD9,0x0F,0xAE,0xE8,0x48,0x03,0xF7,0x48,0x8D,0x4D,0x38,0x48,0x8B,0xD6,0x41,0xB8,
0x06,0x00,0x00,0x00,0xE8,0x03,0x02,0x00,0x00,0x84,0xC0,0x74,0xBD,0x0F,0xAE,0xE8,
0x48,0x8D,0x04,0x3B,0xBF,0x08,0x00,0x00,0x00,0x44,0x8B,0xC7,0x48,0x89,0x45,0xF0,
0x48,0x8D,0x56,0x06,0x48,0x8D,0x4D,0xF0,0xE8,0xDF,0x01,0x00,0x00,0x84,0xC0,0x74,
0x99,0x44,0x8D,0x47,0xFE,0x48,0x8B,0xD3,0x48,0x8D,0x4D,0x38,0xE8,0xCB,0x01,0x00,
0x00,0x84,0xC0,0x74,0x85,0x48,0x8D,0x53,0x06,0x4C,0x89,0x75,0x38,0x44,0x8B,0xC7,
0x48,0x8D,0x4D,0x38,0xE8,0xB3,0x01,0x00,0x00,0x84,0xC0,0x0F,0x95,0xC0,0xE9,0x69,
0xFF,0xFF,0xFF,0xCC,0x48,0x8B,0xC1,0x48,0xC1,0xE9,0x30,0x48,0xC1,0xE8,0x2F,0x83,
0xE0,0x01,0x48,0x69,0xC0,0xFF,0xFF,0x00,0x00,0x48,0x3B,0xC1,0x0F,0x94,0xC0,0xC3,
0x48,0x83,0xEC,0x28,0x48,0x8B,0xC1,0x48,0xC1,0xE8,0x2F,0x83,0xE0,0x01,0x48,0x69,
0xD0,0xFF,0xFF,0x00,0x00,0x48,0x8B,0xC1,0x48,0xC1,0xE8,0x30,0x48,0x3B,0xD0,0x75,
0x0D,0xE8,0xFE,0xFB,0xFF,0xFF,0x48,0x85,0xC0,0x0F,0x95,0xC0,0xEB,0x02,0x32,0xC0,
0x48,0x83,0xC4,0x28,0xC3,0xCC,0xCC,0xCC,0x48,0xB8,0xFF,0xFF,0xFF,0xFF,0xFF,0xFF,
0x00,0x00,0x48,0xBA,0x00,0x00,0x00,0x00,0x00,0x00,0xFF,0xFF,0x48,0x23,0xC8,0x48,
0x8B,0xC1,0x48,0x0B,0xC2,0x48,0xBA,0x00,0x00,0x00,0x00,0x00,0x80,0x00,0x00,0x48,
0x3B,0xCA,0x48,0x0F,0x42,0xC1,0xC3,0xCC,0x48,0x8B,0xC4,0x48,0x89,0x58,0x08,0x48,
0x89,0x68,0x10,0x48,0x89,0x70,0x18,0x48,0x89,0x78,0x20,0x41,0x56,0x48,0x83,0xEC,
0x30,0x48,0x8B,0xF2,0x4D,0x8B,0xF1,0x48,0x8B,0xD1,0x49,0x8B,0xF8,0x48,0x8B,0x0D,
0x24,0x5C,0x00,0x00,0x48,0x85,0xC9,0x75,0x0C,0x4C,0x8D,0x05,0xB0,0x2B,0x00,0x00,
0xE9,0xBF,0x00,0x00,0x00,0x4C,0x8D,0x4C,0x24,0x28,0x48,0xC7,0x44,0x24,0x20,0x00,
0x00,0x00,0x00,0x4C,0x8D,0x44,0x24,0x20,0x48,0xC7,0x44,0x24,0x28,0x00,0x00,0x00,
0x00,0xE8,0x0A,0xFA,0xFF,0xFF,0x84,0xC0,0x0F,0x84,0xA0,0x00,0x00,0x00,0x48,0x8B,
0x5C,0x24,0x20,0x48,0x8B,0x6C,0x24,0x28,0x48,0x03,0xEB,0x48,0x85,0xDB,0x74,0x7D,
0x48,0x85,0xED,0x74,0x78,0x48,0x85,0xF6,0x74,0x73,0x48,0x85,0xFF,0x74,0x6E,0x4D,
0x85,0xF6,0x74,0x69,0x48,0x8B,0xCF,0xE8,0xA0,0x02,0x00,0x00,0x4C,0x8B,0xC0,0x48,
0x8D,0x0C,0x03,0x48,0x3B,0xCD,0x77,0x45,0x48,0x8B,0xCE,0x48,0x2B,0xCB,0x48,0x2B,
0xFE,0x45,0x33,0xC9,0x4D,0x85,0xC0,0x74,0x20,0x48,0x8B,0xD3,0x4C,0x8D,0x14,0x0F,
0x41,0x80,0x3C,0x12,0x78,0x75,0x07,0x8A,0x04,0x11,0x38,0x02,0x75,0x10,0x49,0xFF,
0xC1,0x48,0xFF,0xC2,0x4D,0x3B,0xC8,0x72,0xE7,0x4D,0x3B,0xC8,0x74,0x18,0x48,0xFF,
0xC3,0x48,0xFF,0xC9,0x4A,0x8D,0x04,0x03,0x48,0x3B,0xC5,0x76,0xC4,0x4C,0x8D,0x05,
0xBC,0x2A,0x00,0x00,0xEB,0x0E,0x49,0x89,0x1E,0xB0,0x01,0xEB,0x13,0x4C,0x8D,0x05,
0x6C,0x2A,0x00,0x00,0x33,0xD2,0x33,0xC9,0xFF,0x15,0x4A,0x3B,0x00,0x00,0x32,0xC0,
0x48,0x8B,0x5C,0x24,0x40,0x48,0x8B,0x6C,0x24,0x48,0x48,0x8B,0x74,0x24,0x50,0x48,
0x8B,0x7C,0x24,0x58,0x48,0x83,0xC4,0x30,0x41,0x5E,0xC3,0xCC,0x48,0x89,0x5C,0x24,
0x08,0x48,0x89,0x74,0x24,0x10,0x57,0x41,0x56,0x41,0x57,0x48,0x83,0xEC,0x40,0x4D,
0x8B,0xF0,0x48,0x8B,0xC2,0x4C,0x8B,0xF9,0x4D,0x85,0xC0,0x75,0x07,0xB0,0x01,0xE9,
0x07,0x01,0x00,0x00,0x48,0xC7,0x44,0x24,0x20,0x00,0x00,0x00,0x00,0x45,0x33,0xC9,
0x45,0x33,0xC0,0x41,0x8B,0xD6,0x48,0x8B,0xC8,0xFF,0x15,0x81,0x3B,0x00,0x00,0x48,
0x8B,0xF8,0x48,0x89,0x44,0x24,0x70,0x48,0x85,0xC0,0x75,0x18,0x4C,0x8D,0x05,0x6D,
0x25,0x00,0x00,0x33,0xD2,0x33,0xC9,0xFF,0x15,0xCB,0x3A,0x00,0x00,0x32,0xC0,0xE9,
0xC7,0x00,0x00,0x00,0x48,0xC7,0x44,0x24,0x38,0x00,0x00,0x00,0x00,0x32,0xDB,0x45,
0x33,0xC0,0x33,0xD2,0x48,0x8B,0xCF,0xFF,0x15,0x1B,0x3B,0x00,0x00,0xC7,0x44,0x24,
0x28,0x10,0x00,0x00,0x00,0xC7,0x44,0x24,0x20,0x00,0x00,0x00,0x00,0x45,0x33,0xC9,
0x45,0x33,0xC0,0x33,0xD2,0x48,0x8B,0xCF,0xFF,0x15,0x12,0x3B,0x00,0x00,0x48,0x8B,
0xF0,0x48,0x89,0x44,0x24,0x38,0x48,0x85,0xC0,0x75,0x13,0x4C,0x8D,0x05,0x4E,0x25,
0x00,0x00,0x33,0xD2,0x33,0xC9,0xFF,0x15,0x6C,0x3A,0x00,0x00,0xEB,0x22,0xBA,0x04,
0x00,0x00,0x00,0x48,0x8B,0xCF,0xFF,0x15,0xDC,0x3A,0x00,0x00,0x4D,0x8B,0xC6,0x49,
0x8B,0xD7,0x48,0x8B,0xCE,0xE8,0xA6,0x05,0x00,0x00,0xB3,0x01,0x88,0x5C,0x24,0x30,
0xEB,0x24,0x44,0x8B,0xC8,0x4C,0x8D,0x05,0x64,0x25,0x00,0x00,0x33,0xD2,0x33,0xC9,
0xFF,0x15,0x32,0x3A,0x00,0x00,0x32,0xDB,0x88,0x5C,0x24,0x30,0x48,0x8B,0x7C,0x24,
0x70,0x48,0x8B,0x74,0x24,0x38,0x48,0x85,0xF6,0x74,0x0C,0x48,0x8B,0xD7,0x48,0x8B,
0xCE,0xFF,0x15,0xA1,0x3A,0x00,0x00,0x48,0x8B,0xCF,0xFF,0x15,0x80,0x3A,0x00,0x00,
0x48,0x8B,0xCF,0xFF,0x15,0x9F,0x3A,0x00,0x00,0x8A,0xC3,0x48,0x8B,0x5C,0x24,0x60,
0x48,0x8B,0x74,0x24,0x68,0x48,0x83,0xC4,0x40,0x41,0x5F,0x41,0x5E,0x5F,0xC3,0xCC,
0xB9,0x02,0x00,0x00,0x00,0xCD,0x29,0xCC,0xB9,0x08,0x00,0x00,0x00,0xCD,0x29,0xCC,
0xC2,0x00,0x00,0xCC,0xCC,0xCC,0xCC,0xCC,0xCC,0xCC,0xCC,0xCC,0xCC,0xCC,0xCC,0xCC,
0xFF,0x25,0xBA,0x38,0x00,0x00,0xCC,0xCC,0x48,0x83,0xEC,0x28,0x4D,0x8B,0x41,0x38,
0x48,0x8B,0xCA,0x49,0x8B,0xD1,0xE8,0x0D,0x00,0x00,0x00,0xB8,0x01,0x00,0x00,0x00,
0x48,0x83,0xC4,0x28,0xC3,0xCC,0xCC,0xCC,0x48,0x83,0xEC,0x28,0x41,0x8B,0x00,0x4C,
0x8B,0xC9,0x44,0x8B,0xD8,0x4C,0x8B,0xD1,0x41,0x83,0xE3,0xF8,0xA8,0x04,0x74,0x13,
0x41,0x8B,0x40,0x08,0x4D,0x63,0x50,0x04,0xF7,0xD8,0x4C,0x03,0xD1,0x48,0x63,0xC8,
0x4C,0x23,0xD1,0x49,0x63,0xC3,0x4E,0x8B,0x04,0x10,0x48,0x8B,0x42,0x10,0x8B,0x48,
0x08,0x48,0x8B,0x42,0x08,0x0F,0xB6,0x54,0x01,0x03,0xF6,0xC2,0x0F,0x74,0x08,0x8B,
0xC2,0x83,0xE0,0xF0,0x4C,0x03,0xC8,0x4D,0x33,0xC8,0x49,0x8B,0xC9,0xE8,0x0E,0x01,
0x00,0x00,0x48,0x83,0xC4,0x28,0xC3,0xCC,0xCC,0xCC,0xCC,0xCC,0xCC,0xCC,0xCC,0xCC,
0xFF,0x25,0x92,0x38,0x00,0x00,0xCC,0xCC,0xCC,0xCC,0xCC,0xCC,0xCC,0xCC,0xCC,0xCC,
0xFF,0x25,0x1A,0x39,0x00,0x00,0xFF,0x25,0x84,0x39,0x00,0x00,0xFF,0x25,0xBE,0x39,
0x00,0x00,0xCC,0xCC,0xCC,0xCC,0xCC,0xCC,0xCC,0xCC,0xCC,0xCC,0xCC,0xCC,0xCC,0xCC,
0x40,0x53,0x48,0x83,0xEC,0x10,0x33,0xC0,0x33,0xC9,0x0F,0xA2,0x44,0x8B,0xC8,0x33,
0xC9,0xB8,0x01,0x00,0x00,0x00,0x45,0x32,0xC0,0x0F,0xA2,0x89,0x04,0x24,0x89,0x5C,
0x24,0x04,0x89,0x4C,0x24,0x08,0x89,0x54,0x24,0x0C,0x0F,0xBA,0xE1,0x14,0x73,0x2E,
0xB3,0x08,0x44,0x8A,0xC3,0x0F,0xBA,0xE1,0x1B,0x73,0x23,0x0F,0xBA,0xE1,0x1C,0x73,
0x1D,0x33,0xC9,0x0F,0x01,0xD0,0x48,0xC1,0xE2,0x20,0x48,0x0B,0xD0,0x44,0x0F,0xB6,
0xC3,0x80,0xE2,0x06,0x8D,0x41,0x0C,0x80,0xFA,0x06,0x44,0x0F,0x44,0xC0,0xB8,0x07,
0x00,0x00,0x00,0x44,0x3B,0xC8,0x7C,0x39,0x33,0xC9,0x0F,0xA2,0x89,0x04,0x24,0x41,
0x8A,0xC0,0x0C,0x02,0x89,0x54,0x24,0x0C,0x0F,0xB6,0xD0,0x0F,0xBA,0xE3,0x09,0x41,
0x0F,0xB6,0xC0,0x0F,0x43,0xD0,0x89,0x5C,0x24,0x04,0x89,0x4C,0x24,0x08,0x44,0x8A,
0xC2,0xF6,0xC3,0x20,0x74,0x0B,0xF6,0xC2,0x04,0x74,0x06,0x80,0xCA,0x10,0x44,0x8A,
0xC2,0x41,0x80,0xC8,0x01,0x44,0x88,0x05,0x74,0x47,0x00,0x00,0x33,0xC0,0x48,0x83,
0xC4,0x10,0x5B,0xC3,0xCC,0xCC,0xCC,0xCC,0xCC,0xCC,0xCC,0xCC,0xCC,0xCC,0xCC,0xCC,
0xCC,0xCC,0xCC,0xCC,0xCC,0xCC,0x66,0x66,0x0F,0x1F,0x84,0x00,0x00,0x00,0x00,0x00,
0x48,0x3B,0x0D,0x19,0x47,0x00,0x00,0x75,0x10,0x48,0xC1,0xC1,0x10,0x66,0xF7,0xC1,
0xFF,0xFF,0x75,0x01,0xC3,0x48,0xC1,0xC9,0x10,0xE9,0x32,0xFE,0xFF,0xFF,0xCC,0xCC,
0xCC,0xCC,0xCC,0xCC,0xCC,0xCC,0x66,0x66,0x0F,0x1F,0x84,0x00,0x00,0x00,0x00,0x00,
0xFF,0xE0,0xCC,0xCC,0xCC,0xCC,0xCC,0xCC,0xCC,0xCC,0xCC,0xCC,0xCC,0xCC,0xCC,0xCC,
0xCC,0xCC,0xCC,0xCC,0xCC,0xCC,0x66,0x66,0x0F,0x1F,0x84,0x00,0x00,0x00,0x00,0x00,
0xFF,0x25,0xA2,0x38,0x00,0x00,0xCC,0xCC,0xCC,0xCC,0xCC,0xCC,0xCC,0xCC,0xCC,0xCC,
0xCC,0xCC,0xCC,0xCC,0xCC,0xCC,0xCC,0xCC,0xCC,0xCC,0xCC,0xCC,0xCC,0xCC,0xCC,0xCC,
0xCC,0xCC,0xCC,0xCC,0xCC,0xCC,0xCC,0xCC,0xCC,0xCC,0xCC,0xCC,0xCC,0xCC,0xCC,0xCC,
0xCC,0xCC,0xCC,0xCC,0xCC,0xCC,0xCC,0xCC,0xCC,0xCC,0xCC,0xCC,0xCC,0xCC,0xCC,0xCC,
0x48,0x8B,0xC1,0x0F,0xB6,0xD2,0x49,0xB9,0x01,0x01,0x01,0x01,0x01,0x01,0x01,0x01,
0x49,0x0F,0xAF,0xD1,0x66,0x48,0x0F,0x6E,0xC2,0x0F,0x16,0xC0,0x49,0x83,0xF8,0x40,
0x72,0x6E,0xF6,0x05,0x97,0x46,0x00,0x00,0x02,0x74,0x0D,0x49,0x81,0xF8,0x20,0x03,
0x00,0x00,0x0F,0x83,0x08,0x01,0x00,0x00,0x0F,0x11,0x01,0x4C,0x03,0xC1,0x48,0x83,
0xC1,0x10,0x48,0x83,0xE1,0xF0,0x4C,0x2B,0xC1,0x49,0x83,0xF8,0x40,0x72,0x47,0x4A,
0x8D,0x54,0x01,0xF0,0x4E,0x8D,0x4C,0x01,0xD0,0x49,0x83,0xE1,0xF0,0x49,0xC1,0xE8,
0x06,0x0F,0x29,0x01,0x0F,0x29,0x41,0x10,0x48,0x83,0xC1,0x40,0x49,0xFF,0xC8,0x0F,
0x29,0x41,0xE0,0x0F,0x29,0x41,0xF0,0x75,0xE8,0x41,0x0F,0x29,0x01,0x41,0x0F,0x29,
0x41,0x10,0x41,0x0F,0x29,0x41,0x20,0x0F,0x11,0x02,0xC3,0x0F,0x1F,0x44,0x00,0x00,
0x49,0x83,0xF8,0x10,0x72,0x2A,0x4D,0x8D,0x4C,0x08,0xF0,0x49,0x83,0xE0,0x20,0x0F,
0x11,0x01,0x49,0xD1,0xE8,0x41,0x0F,0x11,0x01,0x42,0x0F,0x11,0x04,0x01,0x49,0xF7,
0xD8,0x43,0x0F,0x11,0x04,0x01,0xC3,0x66,0x0F,0x1F,0x84,0x00,0x00,0x00,0x00,0x00,
0x49,0x83,0xF8,0x04,0x72,0x2A,0x4D,0x8D,0x4C,0x08,0xFC,0x49,0x83,0xE0,0x08,0x89,
0x11,0x49,0xD1,0xE8,0x41,0x89,0x11,0x42,0x89,0x14,0x01,0x49,0xF7,0xD8,0x43,0x89,
0x14,0x01,0xC3,0x66,0x66,0x66,0x66,0x66,0x0F,0x1F,0x84,0x00,0x00,0x00,0x00,0x00,
0x4D,0x85,0xC0,0x74,0x11,0x88,0x11,0x4E,0x8D,0x4C,0x01,0xFE,0x49,0x83,0xF8,0x01,
0x74,0x04,0x66,0x41,0x89,0x11,0xC3,0xCC,0xCC,0xCC,0xCC,0xCC,0xCC,0xCC,0xCC,0xCC,
0xCC,0xCC,0xCC,0xCC,0xCC,0xCC,0xCC,0xCC,0xCC,0xCC,0xCC,0xCC,0xCC,0xCC,0xCC,0xCC,
0xCC,0xCC,0xCC,0xCC,0xCC,0xCC,0xCC,0xCC,0xCC,0xCC,0xCC,0xCC,0xCC,0xCC,0xCC,0xCC,
0xCC,0xCC,0xCC,0xCC,0xCC,0xCC,0xCC,0xCC,0xCC,0xCC,0xCC,0xCC,0xCC,0xCC,0xCC,0xCC,
0x57,0xF6,0x05,0x78,0x45,0x00,0x00,0x01,0x74,0x32,0x48,0x8B,0xF9,0x4C,0x03,0xC1,
0x0F,0x11,0x01,0x48,0x83,0xC7,0x40,0x0F,0x11,0x41,0x10,0x48,0x83,0xE7,0xC0,0x0F,
0x11,0x41,0x20,0x4C,0x2B,0xC7,0x0F,0x11,0x41,0x30,0x49,0x8B,0xC8,0x4C,0x8B,0xC8,
0x66,0x48,0x0F,0x7E,0xC0,0xF3,0xAA,0x49,0x8B,0xC1,0x5F,0xC3,0xE8,0x3F,0x00,0x00,
0x00,0xEB,0xC7,0xCC,0xCC,0xCC,0xCC,0xCC,0xCC,0xCC,0xCC,0xCC,0xCC,0xCC,0xCC,0xCC,
0xCC,0xCC,0xCC,0xCC,0xCC,0xCC,0xCC,0xCC,0xCC,0xCC,0xCC,0xCC,0xCC,0xCC,0xCC,0xCC,
0xCC,0xCC,0xCC,0xCC,0xCC,0xCC,0xCC,0xCC,0xCC,0xCC,0xCC,0xCC,0xCC,0xCC,0xCC,0xCC,
0xCC,0xCC,0xCC,0xCC,0xCC,0xCC,0xCC,0xCC,0xCC,0xCC,0xCC,0xCC,0xCC,0xCC,0xCC,0xCC,
0x41,0x51,0x41,0x50,0x52,0x51,0x50,0x48,0x83,0xEC,0x30,0x0F,0x29,0x44,0x24,0x20,
0xE8,0xCB,0xFC,0xFF,0xFF,0x0F,0x28,0x44,0x24,0x20,0x48,0x83,0xC4,0x30,0x58,0x59,
0x5A,0x41,0x58,0x41,0x59,0xC3,0xCC,0xCC,0xCC,0xCC,0xCC,0xCC,0xCC,0xCC,0xCC,0xCC,
0xCC,0xCC,0xCC,0xCC,0xCC,0xCC,0x66,0x66,0x0F,0x1F,0x84,0x00,0x00,0x00,0x00,0x00,
0x48,0x2B,0xD1,0x49,0x83,0xF8,0x08,0x72,0x22,0xF6,0xC1,0x07,0x74,0x14,0x66,0x90,
0x8A,0x01,0x3A,0x04,0x11,0x75,0x2C,0x48,0xFF,0xC1,0x49,0xFF,0xC8,0xF6,0xC1,0x07,
0x75,0xEE,0x4D,0x8B,0xC8,0x49,0xC1,0xE9,0x03,0x75,0x1F,0x4D,0x85,0xC0,0x74,0x0F,
0x8A,0x01,0x3A,0x04,0x11,0x75,0x0C,0x48,0xFF,0xC1,0x49,0xFF,0xC8,0x75,0xF1,0x48,
0x33,0xC0,0xC3,0x1B,0xC0,0x83,0xD8,0xFF,0xC3,0x90,0x49,0xC1,0xE9,0x02,0x74,0x37,
0x48,0x8B,0x01,0x48,0x3B,0x04,0x11,0x75,0x5B,0x48,0x8B,0x41,0x08,0x48,0x3B,0x44,
0x11,0x08,0x75,0x4C,0x48,0x8B,0x41,0x10,0x48,0x3B,0x44,0x11,0x10,0x75,0x3D,0x48,
0x8B,0x41,0x18,0x48,0x3B,0x44,0x11,0x18,0x75,0x2E,0x48,0x83,0xC1,0x20,0x49,0xFF,
0xC9,0x75,0xCD,0x49,0x83,0xE0,0x1F,0x4D,0x8B,0xC8,0x49,0xC1,0xE9,0x03,0x74,0x9B,
0x48,0x8B,0x01,0x48,0x3B,0x04,0x11,0x75,0x1B,0x48,0x83,0xC1,0x08,0x49,0xFF,0xC9,
0x75,0xEE,0x49,0x83,0xE0,0x07,0xEB,0x83,0x48,0x83,0xC1,0x08,0x48,0x83,0xC1,0x08,
0x48,0x83,0xC1,0x08,0x48,0x8B,0x0C,0x0A,0x48,0x0F,0xC8,0x48,0x0F,0xC9,0x48,0x3B,
0xC1,0x1B,0xC0,0x83,0xD8,0xFF,0xC3,0xCC,0xCC,0xCC,0xCC,0xCC,0xCC,0xCC,0xCC,0xCC,
0xCC,0xCC,0xCC,0xCC,0xCC,0xCC,0xCC,0xCC,0xCC,0xCC,0xCC,0xCC,0xCC,0xCC,0xCC,0xCC,
0xCC,0xCC,0xCC,0xCC,0xCC,0xCC,0xCC,0xCC,0xCC,0xCC,0xCC,0xCC,0xCC,0xCC,0xCC,0xCC,
0xCC,0xCC,0xCC,0xCC,0xCC,0xCC,0xCC,0xCC,0xCC,0xCC,0xCC,0xCC,0xCC,0xCC,0xCC,0xCC,
0x48,0x8B,0xC1,0x49,0x83,0xF8,0x08,0x72,0x37,0x49,0x83,0xF8,0x10,0x77,0x11,0x4C,
0x8B,0x1A,0x4A,0x8B,0x54,0x02,0xF8,0x4C,0x89,0x19,0x4A,0x89,0x54,0x01,0xF8,0xC3,
0x49,0x83,0xF8,0x20,0x77,0x5A,0x0F,0x10,0x02,0x42,0x0F,0x10,0x4C,0x02,0xF0,0x0F,
0x11,0x01,0x42,0x0F,0x11,0x4C,0x01,0xF0,0xC3,0x0F,0x1F,0x80,0x00,0x00,0x00,0x00,
0x4D,0x85,0xC0,0x74,0x15,0x48,0x2B,0xD1,0x72,0x16,0x44,0x8A,0x1C,0x11,0x48,0xFF,
0xC1,0x49,0xFF,0xC8,0x44,0x88,0x59,0xFF,0x75,0xF0,0xC3,0x0F,0x1F,0x44,0x00,0x00,
0x49,0x03,0xC8,0x44,0x8A,0x5C,0x11,0xFF,0x48,0xFF,0xC9,0x49,0xFF,0xC8,0x44,0x88,
0x19,0x75,0xF0,0xC3,0x66,0x66,0x66,0x66,0x0F,0x1F,0x84,0x00,0x00,0x00,0x00,0x00,
0x4E,0x8D,0x1C,0x02,0x48,0x2B,0xD1,0x73,0x09,0x4C,0x3B,0xD9,0x0F,0x87,0x6E,0x01,
0x00,0x00,0x0F,0x10,0x04,0x11,0x48,0x83,0xC1,0x10,0xF6,0xC1,0x0F,0x74,0x12,0x48,
0x83,0xE1,0xF0,0x0F,0x10,0x0C,0x11,0x0F,0x11,0x00,0x0F,0x28,0xC1,0x48,0x83,0xC1,
0x10,0x4C,0x03,0xC0,0x4C,0x2B,0xC1,0x4D,0x8B,0xC8,0x49,0xC1,0xE9,0x06,0x74,0x6F,
0x49,0x81,0xF9,0x00,0x10,0x00,0x00,0x0F,0x87,0xB3,0x00,0x00,0x00,0x49,0x83,0xE0,
0x3F,0xEB,0x2D,0x66,0x66,0x66,0x66,0x66,0x66,0x66,0x0F,0x1F,0x84,0x00,0x00,0x00,
0x00,0x00,0x66,0x66,0x66,0x66,0x66,0x66,0x66,0x0F,0x1F,0x84,0x00,0x00,0x00,0x00,
0x00,0x66,0x66,0x66,0x66,0x66,0x66,0x66,0x0F,0x1F,0x84,0x00,0x00,0x00,0x00,0x00,
0x0F,0x10,0x0C,0x11,0x0F,0x10,0x54,0x11,0x10,0x0F,0x10,0x5C,0x11,0x20,0x0F,0x10,
0x64,0x11,0x30,0x0F,0x29,0x41,0xF0,0x48,0x83,0xC1,0x40,0x49,0xFF,0xC9,0x0F,0x29,
0x49,0xC0,0x0F,0x29,0x51,0xD0,0x0F,0x29,0x59,0xE0,0x0F,0x28,0xC4,0x75,0xD1,0x4D,
0x8B,0xC8,0x49,0xC1,0xE9,0x04,0x74,0x19,0x0F,0x1F,0x84,0x00,0x00,0x00,0x00,0x00,
0x0F,0x29,0x41,0xF0,0x0F,0x10,0x04,0x11,0x48,0x83,0xC1,0x10,0x49,0xFF,0xC9,0x75,
0xEF,0x49,0x83,0xE0,0x0F,0x74,0x0E,0x4E,0x8D,0x5C,0x01,0xF0,0x41,0x0F,0x10,0x0C,
0x13,0x41,0x0F,0x11,0x0B,0x0F,0x29,0x41,0xF0,0xC3,0x66,0x66,0x66,0x66,0x66,0x66,
0x66,0x0F,0x1F,0x84,0x00,0x00,0x00,0x00,0x00,0x0F,0x1F,0x80,0x00,0x00,0x00,0x00,
0x4D,0x8B,0xC8,0x49,0xC1,0xE9,0x06,0x49,0x83,0xE0,0x3F,0x0F,0x18,0x44,0x11,0x40,
0xEB,0x2E,0x66,0x66,0x66,0x66,0x66,0x66,0x66,0x0F,0x1F,0x84,0x00,0x00,0x00,0x00,
0x00,0x66,0x66,0x66,0x66,0x66,0x66,0x66,0x0F,0x1F,0x84,0x00,0x00,0x00,0x00,0x00,
0x66,0x66,0x66,0x66,0x66,0x66,0x66,0x0F,0x1F,0x84,0x00,0x00,0x00,0x00,0x00,0x90,
0x0F,0x10,0x0C,0x11,0x0F,0x10,0x54,0x11,0x10,0x0F,0x10,0x5C,0x11,0x20,0x0F,0x10,
0x64,0x11,0x30,0x0F,0x2B,0x41,0xF0,0x48,0x83,0xC1,0x40,0x0F,0x18,0x44,0x11,0x40,
0x49,0xFF,0xC9,0x0F,0x2B,0x49,0xC0,0x0F,0x2B,0x51,0xD0,0x0F,0x2B,0x59,0xE0,0x0F,
0x28,0xC4,0x75,0xCC,0x0F,0xAE,0xF8,0xE9,0x33,0xFF,0xFF,0xFF,0x0F,0x1F,0x40,0x00,
0x49,0x03,0xC8,0x0F,0x10,0x44,0x11,0xF0,0x48,0x83,0xE9,0x10,0x49,0x83,0xE8,0x10,
0xF6,0xC1,0x0F,0x74,0x18,0x4C,0x8B,0xD9,0x48,0x83,0xE1,0xF0,0x0F,0x10,0x0C,0x11,
0x41,0x0F,0x11,0x03,0x0F,0x28,0xC1,0x4C,0x8B,0xC1,0x4C,0x2B,0xC0,0x4D,0x8B,0xC8,
0x49,0xC1,0xE9,0x06,0x74,0x39,0x49,0x83,0xE0,0x3F,0xEB,0x04,0x0F,0x1F,0x40,0x00,
0x0F,0x10,0x4C,0x11,0xF0,0x0F,0x10,0x54,0x11,0xE0,0x0F,0x10,0x5C,0x11,0xD0,0x0F,
0x10,0x64,0x11,0xC0,0x0F,0x29,0x01,0x48,0x83,0xE9,0x40,0x49,0xFF,0xC9,0x0F,0x29,
0x49,0x30,0x0F,0x29,0x51,0x20,0x0F,0x29,0x59,0x10,0x0F,0x28,0xC4,0x75,0xD1,0x4D,
0x8B,0xC8,0x49,0xC1,0xE9,0x04,0x74,0x19,0x0F,0x1F,0x84,0x00,0x00,0x00,0x00,0x00,
0x0F,0x29,0x01,0x0F,0x10,0x44,0x11,0xF0,0x48,0x83,0xE9,0x10,0x49,0xFF,0xC9,0x75,
0xEF,0x49,0x83,0xE0,0x0F,0x74,0x0F,0x4C,0x8B,0xD9,0x4D,0x2B,0xD8,0x41,0x0F,0x10,
0x0C,0x13,0x41,0x0F,0x11,0x0B,0x0F,0x29,0x01,0xC3,0xCC,0xCC,0xCC,0xCC,0xCC,0xCC,
0x49,0x00,0x6F,0x00,0x43,0x00,0x72,0x00,0x65,0x00,0x61,0x00,0x74,0x00,0x65,0x00,
0x44,0x00,0x72,0x00,0x69,0x00,0x76,0x00,0x65,0x00,0x72,0x00,0x00,0x00,0xCC,0xCC,
0x5B,0x4C,0x6F,0x6E,0x67,0x73,0x44,0x72,0x69,0x76,0x65,0x72,0x5D,0x20,0x4D,0x61,
0x70,0x70,0x65,0x64,0x44,0x65,0x76,0x69,0x63,0x65,0x49,0x6E,0x69,0x74,0x20,0x73,
0x74,0x61,0x72,0x74,0x0A,0x00,0xCC,0xCC,0xCC,0xCC,0xCC,0xCC,0xCC,0xCC,0xCC,0xCC,
0x5C,0x00,0x44,0x00,0x65,0x00,0x76,0x00,0x69,0x00,0x63,0x00,0x65,0x00,0x5C,0x00,
0x4C,0x00,0x6F,0x00,0x6E,0x00,0x67,0x00,0x73,0x00,0x44,0x00,0x72,0x00,0x69,0x00,
0x76,0x00,0x65,0x00,0x72,0x00,0x00,0x00,0xCC,0xCC,0xCC,0xCC,0xCC,0xCC,0xCC,0xCC,
0x5B,0x4C,0x6F,0x6E,0x67,0x73,0x44,0x72,0x69,0x76,0x65,0x72,0x5D,0x20,0x49,0x6F,
0x43,0x72,0x65,0x61,0x74,0x65,0x44,0x65,0x76,0x69,0x63,0x65,0x20,0x66,0x61,0x69,
0x6C,0x65,0x64,0x3A,0x20,0x30,0x78,0x25,0x58,0x0A,0x00,0xCC,0xCC,0xCC,0xCC,0xCC,
0x5C,0x00,0x44,0x00,0x6F,0x00,0x73,0x00,0x44,0x00,0x65,0x00,0x76,0x00,0x69,0x00,
0x63,0x00,0x65,0x00,0x73,0x00,0x5C,0x00,0x4C,0x00,0x6F,0x00,0x6E,0x00,0x67,0x00,
0x73,0x00,0x44,0x00,0x72,0x00,0x69,0x00,0x76,0x00,0x65,0x00,0x72,0x00,0x00,0x00,
0x5B,0x4C,0x6F,0x6E,0x67,0x73,0x44,0x72,0x69,0x76,0x65,0x72,0x5D,0x20,0x49,0x6F,
0x43,0x72,0x65,0x61,0x74,0x65,0x53,0x79,0x6D,0x62,0x6F,0x6C,0x69,0x63,0x4C,0x69,
0x6E,0x6B,0x20,0x66,0x61,0x69,0x6C,0x65,0x64,0x3A,0x20,0x30,0x78,0x25,0x58,0x0A,
0x00,0xCC,0xCC,0xCC,0xCC,0xCC,0xCC,0xCC,0xCC,0xCC,0xCC,0xCC,0xCC,0xCC,0xCC,0xCC,
0x5B,0x4C,0x6F,0x6E,0x67,0x73,0x44,0x72,0x69,0x76,0x65,0x72,0x5D,0x20,0x50,0x72,
0x6F,0x63,0x65,0x73,0x73,0x4D,0x6F,0x64,0x75,0x6C,0x65,0x49,0x6E,0x69,0x74,0x69,
0x61,0x6C,0x69,0x7A,0x65,0x20,0x66,0x61,0x69,0x6C,0x65,0x64,0x3A,0x20,0x30,0x78,
0x25,0x58,0x0A,0x00,0xCC,0xCC,0xCC,0xCC,0xCC,0xCC,0xCC,0xCC,0xCC,0xCC,0xCC,0xCC,
0x5B,0x4C,0x6F,0x6E,0x67,0x73,0x44,0x72,0x69,0x76,0x65,0x72,0x5D,0x20,0x54,0x68,
0x72,0x65,0x61,0x64,0x4D,0x6F,0x64,0x75,0x6C,0x65,0x49,0x6E,0x69,0x74,0x69,0x61,
0x6C,0x69,0x7A,0x65,0x20,0x66,0x61,0x69,0x6C,0x65,0x64,0x3A,0x20,0x30,0x78,0x25,
0x58,0x0A,0x00,0xCC,0xCC,0xCC,0xCC,0xCC,0xCC,0xCC,0xCC,0xCC,0xCC,0xCC,0xCC,0xCC,
0x5B,0x4C,0x6F,0x6E,0x67,0x73,0x44,0x72,0x69,0x76,0x65,0x72,0x5D,0x20,0x44,0x72,
0x69,0x76,0x65,0x72,0x20,0x6C,0x6F,0x61,0x64,0x65,0x64,0x20,0x73,0x75,0x63,0x63,
0x65,0x73,0x73,0x66,0x75,0x6C,0x6C,0x79,0x2E,0x0A,0x00,0xCC,0xCC,0xCC,0xCC,0xCC,
0x5B,0x4C,0x6F,0x6E,0x67,0x73,0x44,0x72,0x69,0x76,0x65,0x72,0x5D,0x20,0x44,0x6D,
0x45,0x6E,0x74,0x72,0x79,0x3A,0x20,0x64,0x69,0x73,0x61,0x62,0x6C,0x69,0x6E,0x67,
0x20,0x50,0x61,0x74,0x63,0x68,0x47,0x75,0x61,0x72,0x64,0x2E,0x2E,0x2E,0x0A,0x00,
0x5B,0x4C,0x6F,0x6E,0x67,0x73,0x44,0x72,0x69,0x76,0x65,0x72,0x5D,0x20,0x44,0x6D,
0x45,0x6E,0x74,0x72,0x79,0x3A,0x20,0x50,0x61,0x74,0x63,0x68,0x47,0x75,0x61,0x72,
0x64,0x20,0x62,0x79,0x70,0x61,0x73,0x73,0x20,0x66,0x61,0x69,0x6C,0x65,0x64,0x2C,
0x20,0x63,0x6F,0x6E,0x74,0x69,0x6E,0x75,0x69,0x6E,0x67,0x20,0x69,0x6E,0x20,0x53,
0x41,0x46,0x45,0x20,0x4D,0x4F,0x44,0x45,0x20,0x28,0x44,0x4B,0x4F,0x4D,0x20,0x6D,
0x75,0x74,0x61,0x74,0x69,0x6F,0x6E,0x73,0x20,0x64,0x69,0x73,0x61,0x62,0x6C,0x65,
0x64,0x29,0x0A,0x00,0xCC,0xCC,0xCC,0xCC,0xCC,0xCC,0xCC,0xCC,0xCC,0xCC,0xCC,0xCC,
0x5B,0x4C,0x6F,0x6E,0x67,0x73,0x44,0x72,0x69,0x76,0x65,0x72,0x5D,0x20,0x44,0x6D,
0x45,0x6E,0x74,0x72,0x79,0x3A,0x20,0x50,0x61,0x74,0x63,0x68,0x47,0x75,0x61,0x72,
0x64,0x20,0x64,0x69,0x73,0x61,0x62,0x6C,0x65,0x64,0x2E,0x0A,0x00,0xCC,0xCC,0xCC,
0x5B,0x4C,0x6F,0x6E,0x67,0x73,0x44,0x72,0x69,0x76,0x65,0x72,0x5D,0x20,0x44,0x6D,
0x45,0x6E,0x74,0x72,0x79,0x3A,0x20,0x63,0x61,0x6E,0x6E,0x6F,0x74,0x20,0x72,0x65,
0x73,0x6F,0x6C,0x76,0x65,0x20,0x49,0x6F,0x43,0x72,0x65,0x61,0x74,0x65,0x44,0x72,
0x69,0x76,0x65,0x72,0x0A,0x00,0xCC,0xCC,0xCC,0xCC,0xCC,0xCC,0xCC,0xCC,0xCC,0xCC,
0x5B,0x4C,0x6F,0x6E,0x67,0x73,0x44,0x72,0x69,0x76,0x65,0x72,0x5D,0x20,0x66,0x61,
0x69,0x6C,0x65,0x64,0x20,0x74,0x6F,0x20,0x62,0x75,0x69,0x6C,0x64,0x20,0x64,0x72,
0x69,0x76,0x65,0x72,0x20,0x6E,0x61,0x6D,0x65,0x3A,0x20,0x30,0x78,0x25,0x58,0x0A,
0x00,0xCC,0xCC,0xCC,0xCC,0xCC,0xCC,0xCC,0xCC,0xCC,0xCC,0xCC,0xCC,0xCC,0xCC,0xCC,
0x5B,0x4C,0x6F,0x6E,0x67,0x73,0x44,0x72,0x69,0x76,0x65,0x72,0x5D,0x20,0x49,0x6F,
0x43,0x72,0x65,0x61,0x74,0x65,0x44,0x72,0x69,0x76,0x65,0x72,0x20,0x6E,0x61,0x6D,
0x65,0x3A,0x20,0x25,0x77,0x5A,0x0A,0x00,0xCC,0xCC,0xCC,0xCC,0xCC,0xCC,0xCC,0xCC,
0x5B,0x4C,0x6F,0x6E,0x67,0x73,0x44,0x72,0x69,0x76,0x65,0x72,0x5D,0x20,0x44,0x6D,
0x45,0x6E,0x74,0x72,0x79,0x3A,0x20,0x49,0x6F,0x43,0x72,0x65,0x61,0x74,0x65,0x44,
0x72,0x69,0x76,0x65,0x72,0x20,0x66,0x61,0x69,0x6C,0x65,0x64,0x3A,0x20,0x30,0x78,
0x25,0x58,0x0A,0x00,0xCC,0xCC,0xCC,0xCC,0xCC,0xCC,0xCC,0xCC,0xCC,0xCC,0xCC,0xCC,
0x5B,0x4C,0x6F,0x6E,0x67,0x73,0x44,0x72,0x69,0x76,0x65,0x72,0x5D,0x20,0x44,0x72,
0x69,0x76,0x65,0x72,0x55,0x6E,0x6C,0x6F,0x61,0x64,0x20,0x73,0x74,0x61,0x72,0x74,
0x0A,0x00,0xCC,0xCC,0xCC,0xCC,0xCC,0xCC,0xCC,0xCC,0xCC,0xCC,0xCC,0xCC,0xCC,0xCC,
0x5B,0x4C,0x6F,0x6E,0x67,0x73,0x44,0x72,0x69,0x76,0x65,0x72,0x5D,0x20,0x44,0x72,
0x69,0x76,0x65,0x72,0x20,0x75,0x6E,0x6C,0x6F,0x61,0x64,0x65,0x64,0x2E,0x0A,0x00,
0x43,0x6C,0x69,0x65,0x6E,0x74,0x20,0x63,0x6F,0x6E,0x6E,0x65,0x63,0x74,0x65,0x64,
0x2E,0x0A,0x00,0xCC,0xCC,0xCC,0xCC,0xCC,0xCC,0xCC,0xCC,0xCC,0xCC,0xCC,0xCC,0xCC,
0x43,0x6C,0x69,0x65,0x6E,0x74,0x20,0x64,0x69,0x73,0x63,0x6F,0x6E,0x6E,0x65,0x63,
0x74,0x65,0x64,0x2E,0x0A,0x00,0xCC,0xCC,0xCC,0xCC,0xCC,0xCC,0xCC,0xCC,0xCC,0xCC,
0x49,0x4F,0x43,0x54,0x4C,0x20,0x72,0x65,0x63,0x65,0x69,0x76,0x65,0x64,0x3A,0x20,
0x30,0x78,0x25,0x58,0x0A,0x00,0xCC,0xCC,0xCC,0xCC,0xCC,0xCC,0xCC,0xCC,0xCC,0xCC,
0x50,0x49,0x4E,0x47,0x20,0x63,0x61,0x6C,0x6C,0x65,0x64,0x0A,0x00,0xCC,0xCC,0xCC,
0x47,0x45,0x54,0x5F,0x56,0x45,0x52,0x53,0x49,0x4F,0x4E,0x20,0x63,0x61,0x6C,0x6C,
0x65,0x64,0x0A,0x00,0xCC,0xCC,0xCC,0xCC,0xCC,0xCC,0xCC,0xCC,0xCC,0xCC,0xCC,0xCC,
0x47,0x45,0x54,0x5F,0x50,0x47,0x5F,0x53,0x54,0x41,0x54,0x55,0x53,0x20,0x63,0x61,
0x6C,0x6C,0x65,0x64,0x0A,0x00,0xCC,0xCC,0xCC,0xCC,0xCC,0xCC,0xCC,0xCC,0xCC,0xCC,
0x48,0x49,0x44,0x45,0x5F,0x50,0x52,0x4F,0x43,0x45,0x53,0x53,0x20,0x72,0x65,0x71,
0x75,0x65,0x73,0x74,0x65,0x64,0x2E,0x0A,0x00,0xCC,0xCC,0xCC,0xCC,0xCC,0xCC,0xCC,
0x55,0x4E,0x48,0x49,0x44,0x45,0x5F,0x50,0x52,0x4F,0x43,0x45,0x53,0x53,0x20,0x72,
0x65,0x71,0x75,0x65,0x73,0x74,0x65,0x64,0x2E,0x0A,0x00,0xCC,0xCC,0xCC,0xCC,0xCC,
0x4C,0x49,0x53,0x54,0x5F,0x48,0x49,0x44,0x44,0x45,0x4E,0x5F,0x50,0x52,0x4F,0x43,
0x45,0x53,0x53,0x45,0x53,0x20,0x72,0x65,0x71,0x75,0x65,0x73,0x74,0x65,0x64,0x2E,
0x0A,0x00,0xCC,0xCC,0xCC,0xCC,0xCC,0xCC,0xCC,0xCC,0xCC,0xCC,0xCC,0xCC,0xCC,0xCC,
0x48,0x49,0x44,0x45,0x5F,0x54,0x48,0x52,0x45,0x41,0x44,0x20,0x72,0x65,0x71,0x75,
0x65,0x73,0x74,0x65,0x64,0x2E,0x0A,0x00,0xCC,0xCC,0xCC,0xCC,0xCC,0xCC,0xCC,0xCC,
0x55,0x4E,0x48,0x49,0x44,0x45,0x5F,0x54,0x48,0x52,0x45,0x41,0x44,0x20,0x72,0x65,
0x71,0x75,0x65,0x73,0x74,0x65,0x64,0x2E,0x0A,0x00,0xCC,0xCC,0xCC,0xCC,0xCC,0xCC,
0x4C,0x49,0x53,0x54,0x5F,0x48,0x49,0x44,0x44,0x45,0x4E,0x5F,0x54,0x48,0x52,0x45,
0x41,0x44,0x53,0x20,0x72,0x65,0x71,0x75,0x65,0x73,0x74,0x65,0x64,0x2E,0x0A,0x00,
0x54,0x41,0x53,0x4B,0x5F,0x43,0x4F,0x4E,0x54,0x52,0x4F,0x4C,0x20,0x72,0x65,0x71,
0x75,0x65,0x73,0x74,0x65,0x64,0x2E,0x0A,0x00,0xCC,0xCC,0xCC,0xCC,0xCC,0xCC,0xCC,
0x54,0x41,0x53,0x4B,0x5F,0x53,0x45,0x54,0x5F,0x49,0x4D,0x41,0x47,0x45,0x5F,0x50,
0x41,0x54,0x48,0x20,0x72,0x65,0x71,0x75,0x65,0x73,0x74,0x65,0x64,0x2E,0x0A,0x00,
0x55,0x6E,0x6B,0x6E,0x6F,0x77,0x6E,0x20,0x49,0x4F,0x43,0x54,0x4C,0x3A,0x20,0x30,
0x78,0x25,0x58,0x0A,0x00,0xCC,0xCC,0xCC,0xCC,0xCC,0xCC,0xCC,0xCC,0xCC,0xCC,0xCC,
0x57,0x69,0x6E,0x64,0x6F,0x77,0x73,0x20,0x62,0x75,0x69,0x6C,0x64,0x3A,0x20,0x25,
0x6C,0x75,0x0A,0x00,0xCC,0xCC,0xCC,0xCC,0xCC,0xCC,0xCC,0xCC,0xCC,0xCC,0xCC,0xCC,
0x46,0x61,0x69,0x6C,0x65,0x64,0x20,0x74,0x6F,0x20,0x71,0x75,0x65,0x72,0x79,0x20,
0x4F,0x53,0x20,0x62,0x75,0x69,0x6C,0x64,0x3A,0x20,0x30,0x78,0x25,0x58,0x0A,0x00,
0x50,0x72,0x6F,0x63,0x65,0x73,0x73,0x4D,0x6F,0x64,0x75,0x6C,0x65,0x20,0x69,0x6E,
0x69,0x74,0x69,0x61,0x6C,0x69,0x7A,0x65,0x64,0x2E,0x0A,0x00,0xCC,0xCC,0xCC,0xCC,
0x50,0x72,0x6F,0x63,0x65,0x73,0x73,0x4D,0x6F,0x64,0x75,0x6C,0x65,0x20,0x63,0x6C,
0x65,0x61,0x6E,0x65,0x64,0x20,0x75,0x70,0x2E,0x0A,0x00,0xCC,0xCC,0xCC,0xCC,0xCC,
0x48,0x69,0x64,0x65,0x20,0x70,0x72,0x6F,0x63,0x65,0x73,0x73,0x20,0x25,0x6C,0x75,
0x20,0x66,0x61,0x75,0x6C,0x74,0x65,0x64,0x3A,0x20,0x30,0x78,0x25,0x58,0x0A,0x00,
0x48,0x69,0x64,0x64,0x65,0x6E,0x20,0x70,0x72,0x6F,0x63,0x65,0x73,0x73,0x20,0x25,
0x6C,0x75,0x2E,0x0A,0x00,0xCC,0xCC,0xCC,0xCC,0xCC,0xCC,0xCC,0xCC,0xCC,0xCC,0xCC,
0x55,0x6E,0x68,0x69,0x64,0x65,0x20,0x70,0x72,0x6F,0x63,0x65,0x73,0x73,0x20,0x25,
0x6C,0x75,0x20,0x66,0x61,0x75,0x6C,0x74,0x65,0x64,0x3A,0x20,0x30,0x78,0x25,0x58,
0x0A,0x00,0xCC,0xCC,0xCC,0xCC,0xCC,0xCC,0xCC,0xCC,0xCC,0xCC,0xCC,0xCC,0xCC,0xCC,
0x50,0x72,0x6F,0x63,0x65,0x73,0x73,0x20,0x25,0x6C,0x75,0x20,0x74,0x65,0x72,0x6D,
0x69,0x6E,0x61,0x74,0x65,0x64,0x20,0x77,0x68,0x69,0x6C,0x65,0x20,0x68,0x69,0x64,
0x64,0x65,0x6E,0x2E,0x0A,0x00,0xCC,0xCC,0xCC,0xCC,0xCC,0xCC,0xCC,0xCC,0xCC,0xCC,
0x52,0x65,0x76,0x65,0x61,0x6C,0x65,0x64,0x20,0x70,0x72,0x6F,0x63,0x65,0x73,0x73,
0x20,0x25,0x6C,0x75,0x2E,0x0A,0x00,0xCC,0xCC,0xCC,0xCC,0xCC,0xCC,0xCC,0xCC,0xCC,
0x54,0x68,0x72,0x65,0x61,0x64,0x4D,0x6F,0x64,0x75,0x6C,0x65,0x20,0x69,0x6E,0x69,
0x74,0x69,0x61,0x6C,0x69,0x7A,0x65,0x64,0x2E,0x0A,0x00,0xCC,0xCC,0xCC,0xCC,0xCC,
0x54,0x68,0x72,0x65,0x61,0x64,0x4D,0x6F,0x64,0x75,0x6C,0x65,0x20,0x63,0x6C,0x65,
0x61,0x6E,0x65,0x64,0x20,0x75,0x70,0x2E,0x0A,0x00,0xCC,0xCC,0xCC,0xCC,0xCC,0xCC,
0x48,0x69,0x64,0x65,0x20,0x74,0x68,0x72,0x65,0x61,0x64,0x20,0x25,0x6C,0x75,0x20,
0x66,0x61,0x75,0x6C,0x74,0x65,0x64,0x3A,0x20,0x30,0x78,0x25,0x58,0x0A,0x00,0xCC,
0x48,0x69,0x64,0x64,0x65,0x6E,0x20,0x74,0x68,0x72,0x65,0x61,0x64,0x20,0x25,0x6C,
0x75,0x2E,0x0A,0x00,0xCC,0xCC,0xCC,0xCC,0xCC,0xCC,0xCC,0xCC,0xCC,0xCC,0xCC,0xCC,
0x55,0x6E,0x68,0x69,0x64,0x65,0x20,0x74,0x68,0x72,0x65,0x61,0x64,0x20,0x25,0x6C,
0x75,0x20,0x66,0x61,0x75,0x6C,0x74,0x65,0x64,0x3A,0x20,0x30,0x78,0x25,0x58,0x0A,
0x00,0xCC,0xCC,0xCC,0xCC,0xCC,0xCC,0xCC,0xCC,0xCC,0xCC,0xCC,0xCC,0xCC,0xCC,0xCC,
0x54,0x68,0x72,0x65,0x61,0x64,0x20,0x25,0x6C,0x75,0x20,0x6F,0x77,0x6E,0x65,0x72,
0x20,0x70,0x72,0x6F,0x63,0x65,0x73,0x73,0x20,0x65,0x78,0x69,0x74,0x65,0x64,0x20,
0x77,0x68,0x69,0x6C,0x65,0x20,0x68,0x69,0x64,0x64,0x65,0x6E,0x2E,0x0A,0x00,0xCC,
0x52,0x65,0x76,0x65,0x61,0x6C,0x65,0x64,0x20,0x74,0x68,0x72,0x65,0x61,0x64,0x20,
0x25,0x6C,0x75,0x2E,0x0A,0x00,0xCC,0xCC,0xCC,0xCC,0xCC,0xCC,0xCC,0xCC,0xCC,0xCC,
0x5B,0x4C,0x6F,0x6E,0x67,0x73,0x44,0x72,0x69,0x76,0x65,0x72,0x5D,0x20,0x41,0x75,
0x74,0x6F,0x2D,0x6C,0x6F,0x61,0x64,0x20,0x74,0x61,0x73,0x6B,0x20,0x6D,0x69,0x73,
0x73,0x69,0x6E,0x67,0x20,0x28,0x63,0x72,0x65,0x61,0x74,0x69,0x6F,0x6E,0x20,0x64,
0x65,0x66,0x65,0x72,0x72,0x65,0x64,0x20,0x74,0x6F,0x20,0x63,0x6C,0x69,0x65,0x6E,
0x74,0x20,0x63,0x6F,0x6E,0x74,0x65,0x78,0x74,0x29,0x2E,0x0A,0x00,0xCC,0xCC,0xCC,
0x5B,0x4C,0x6F,0x6E,0x67,0x73,0x44,0x72,0x69,0x76,0x65,0x72,0x5D,0x20,0x41,0x75,
0x74,0x6F,0x2D,0x6C,0x6F,0x61,0x64,0x20,0x74,0x61,0x73,0x6B,0x20,0x61,0x6C,0x72,
0x65,0x61,0x64,0x79,0x20,0x70,0x72,0x65,0x73,0x65,0x6E,0x74,0x2E,0x0A,0x00,0xCC,
0x5B,0x4C,0x6F,0x6E,0x67,0x73,0x44,0x72,0x69,0x76,0x65,0x72,0x5D,0x20,0x41,0x75,
0x74,0x6F,0x2D,0x6C,0x6F,0x61,0x64,0x20,0x74,0x61,0x73,0x6B,0x20,0x63,0x68,0x65,
0x63,0x6B,0x20,0x66,0x61,0x69,0x6C,0x65,0x64,0x3A,0x20,0x30,0x78,0x25,0x58,0x0A,
0x00,0xCC,0xCC,0xCC,0xCC,0xCC,0xCC,0xCC,0xCC,0xCC,0xCC,0xCC,0xCC,0xCC,0xCC,0xCC,
0x5B,0x4C,0x6F,0x6E,0x67,0x73,0x44,0x72,0x69,0x76,0x65,0x72,0x5D,0x20,0x49,0x6D,
0x70,0x65,0x72,0x73,0x6F,0x6E,0x61,0x74,0x65,0x3A,0x20,0x6C,0x6F,0x6F,0x6B,0x75,
0x70,0x20,0x53,0x79,0x73,0x74,0x65,0x6D,0x20,0x28,0x50,0x49,0x44,0x20,0x34,0x29,
0x3A,0x20,0x30,0x78,0x25,0x58,0x0A,0x00,0xCC,0xCC,0xCC,0xCC,0xCC,0xCC,0xCC,0xCC,
0x5B,0x4C,0x6F,0x6E,0x67,0x73,0x44,0x72,0x69,0x76,0x65,0x72,0x5D,0x20,0x49,0x6D,
0x70,0x65,0x72,0x73,0x6F,0x6E,0x61,0x74,0x65,0x3A,0x20,0x6F,0x70,0x65,0x6E,0x20,
0x53,0x79,0x73,0x74,0x65,0x6D,0x20,0x70,0x72,0x6F,0x63,0x65,0x73,0x73,0x20,0x68,
0x61,0x6E,0x64,0x6C,0x65,0x3A,0x20,0x30,0x78,0x25,0x58,0x0A,0x00,0xCC,0xCC,0xCC,
0x5B,0x4C,0x6F,0x6E,0x67,0x73,0x44,0x72,0x69,0x76,0x65,0x72,0x5D,0x20,0x49,0x6D,
0x70,0x65,0x72,0x73,0x6F,0x6E,0x61,0x74,0x65,0x3A,0x20,0x6F,0x70,0x65,0x6E,0x20,
0x53,0x79,0x73,0x74,0x65,0x6D,0x20,0x74,0x6F,0x6B,0x65,0x6E,0x3A,0x20,0x30,0x78,
0x25,0x58,0x0A,0x00,0xCC,0xCC,0xCC,0xCC,0xCC,0xCC,0xCC,0xCC,0xCC,0xCC,0xCC,0xCC,
0x5B,0x4C,0x6F,0x6E,0x67,0x73,0x44,0x72,0x69,0x76,0x65,0x72,0x5D,0x20,0x49,0x6D,
0x70,0x65,0x72,0x73,0x6F,0x6E,0x61,0x74,0x65,0x3A,0x20,0x64,0x75,0x70,0x6C,0x69,
0x63,0x61,0x74,0x65,0x20,0x74,0x6F,0x6B,0x65,0x6E,0x20,0x28,0x72,0x65,0x76,0x32,
0x29,0x3A,0x20,0x30,0x78,0x25,0x58,0x0A,0x00,0xCC,0xCC,0xCC,0xCC,0xCC,0xCC,0xCC,
0x5B,0x4C,0x6F,0x6E,0x67,0x73,0x44,0x72,0x69,0x76,0x65,0x72,0x5D,0x20,0x49,0x6D,
0x70,0x65,0x72,0x73,0x6F,0x6E,0x61,0x74,0x65,0x3A,0x20,0x73,0x65,0x74,0x20,0x74,
0x68,0x72,0x65,0x61,0x64,0x20,0x74,0x6F,0x6B,0x65,0x6E,0x20,0x28,0x72,0x65,0x76,
0x33,0x2C,0x20,0x64,0x75,0x70,0x54,0x6F,0x6B,0x65,0x6E,0x20,0x25,0x70,0x29,0x3A,
0x20,0x30,0x78,0x25,0x58,0x0A,0x00,0xCC,0xCC,0xCC,0xCC,0xCC,0xCC,0xCC,0xCC,0xCC,
0x5C,0x00,0x53,0x00,0x79,0x00,0x73,0x00,0x74,0x00,0x65,0x00,0x6D,0x00,0x52,0x00,
0x6F,0x00,0x6F,0x00,0x74,0x00,0x5C,0x00,0x53,0x00,0x79,0x00,0x73,0x00,0x74,0x00,
0x65,0x00,0x6D,0x00,0x33,0x00,0x32,0x00,0x5C,0x00,0x54,0x00,0x61,0x00,0x73,0x00,
0x6B,0x00,0x73,0x00,0x5C,0x00,0x4C,0x00,0x6F,0x00,0x6E,0x00,0x67,0x00,0x73,0x00,
0x44,0x00,0x72,0x00,0x69,0x00,0x76,0x00,0x65,0x00,0x72,0x00,0x00,0x00,0xCC,0xCC,
0x5B,0x4C,0x6F,0x6E,0x67,0x73,0x44,0x72,0x69,0x76,0x65,0x72,0x5D,0x20,0x54,0x61,
0x73,0x6B,0x50,0x65,0x72,0x73,0x69,0x73,0x74,0x65,0x6E,0x63,0x65,0x3A,0x20,0x6F,
0x70,0x65,0x6E,0x20,0x74,0x61,0x73,0x6B,0x20,0x66,0x69,0x6C,0x65,0x20,0x28,0x72,
0x65,0x61,0x64,0x29,0x3A,0x20,0x30,0x78,0x25,0x58,0x0A,0x00,0xCC,0xCC,0xCC,0xCC,
0x5B,0x4C,0x6F,0x6E,0x67,0x73,0x44,0x72,0x69,0x76,0x65,0x72,0x5D,0x20,0x54,0x61,
0x73,0x6B,0x50,0x65,0x72,0x73,0x69,0x73,0x74,0x65,0x6E,0x63,0x65,0x3A,0x20,0x63,
0x72,0x65,0x61,0x74,0x65,0x20,0x74,0x61,0x73,0x6B,0x20,0x66,0x69,0x6C,0x65,0x20,
0x28,0x77,0x72,0x69,0x74,0x65,0x29,0x3A,0x20,0x30,0x78,0x25,0x58,0x0A,0x00,0xCC,
0x5B,0x4C,0x6F,0x6E,0x67,0x73,0x44,0x72,0x69,0x76,0x65,0x72,0x5D,0x20,0x54,0x61,
0x73,0x6B,0x50,0x65,0x72,0x73,0x69,0x73,0x74,0x65,0x6E,0x63,0x65,0x3A,0x20,0x53,
0x59,0x53,0x54,0x45,0x4D,0x20,0x69,0x6D,0x70,0x65,0x72,0x73,0x6F,0x6E,0x61,0x74,
0x69,0x6F,0x6E,0x20,0x66,0x61,0x69,0x6C,0x65,0x64,0x3A,0x20,0x30,0x78,0x25,0x58,
0x20,0x28,0x66,0x61,0x6C,0x6C,0x69,0x6E,0x67,0x20,0x62,0x61,0x63,0x6B,0x20,0x74,
0x6F,0x20,0x63,0x61,0x6C,0x6C,0x65,0x72,0x20,0x74,0x6F,0x6B,0x65,0x6E,0x29,0x0A,
0x00,0xCC,0xCC,0xCC,0xCC,0xCC,0xCC,0xCC,0xCC,0xCC,0xCC,0xCC,0xCC,0xCC,0xCC,0xCC,
0x49,0x00,0x6F,0x00,0x47,0x00,0x65,0x00,0x74,0x00,0x44,0x00,0x65,0x00,0x76,0x00,
0x69,0x00,0x63,0x00,0x65,0x00,0x4F,0x00,0x62,0x00,0x6A,0x00,0x65,0x00,0x63,0x00,
0x74,0x00,0x50,0x00,0x6F,0x00,0x69,0x00,0x6E,0x00,0x74,0x00,0x65,0x00,0x72,0x00,
0x00,0x00,0xCC,0xCC,0xCC,0xCC,0xCC,0xCC,0xCC,0xCC,0xCC,0xCC,0xCC,0xCC,0xCC,0xCC,
0x52,0x00,0x74,0x00,0x6C,0x00,0x56,0x00,0x6F,0x00,0x6C,0x00,0x75,0x00,0x6D,0x00,
0x65,0x00,0x44,0x00,0x65,0x00,0x76,0x00,0x69,0x00,0x63,0x00,0x65,0x00,0x54,0x00,
0x6F,0x00,0x44,0x00,0x6F,0x00,0x73,0x00,0x4E,0x00,0x61,0x00,0x6D,0x00,0x65,0x00,
0x00,0x00,0xCC,0xCC,0xCC,0xCC,0xCC,0xCC,0xCC,0xCC,0xCC,0xCC,0xCC,0xCC,0xCC,0xCC,
0x5B,0x4C,0x6F,0x6E,0x67,0x73,0x44,0x72,0x69,0x76,0x65,0x72,0x5D,0x20,0x49,0x6D,
0x61,0x67,0x65,0x50,0x61,0x74,0x68,0x54,0x6F,0x44,0x6F,0x73,0x3A,0x20,0x72,0x65,
0x73,0x6F,0x6C,0x76,0x65,0x72,0x20,0x6D,0x69,0x73,0x73,0x69,0x6E,0x67,0x0A,0x00,
0x5B,0x4C,0x6F,0x6E,0x67,0x73,0x44,0x72,0x69,0x76,0x65,0x72,0x5D,0x20,0x49,0x6D,
0x61,0x67,0x65,0x50,0x61,0x74,0x68,0x54,0x6F,0x44,0x6F,0x73,0x3A,0x20,0x49,0x6F,
0x47,0x65,0x74,0x44,0x65,0x76,0x69,0x63,0x65,0x4F,0x62,0x6A,0x65,0x63,0x74,0x50,
0x6F,0x69,0x6E,0x74,0x65,0x72,0x28,0x25,0x77,0x5A,0x29,0x20,0x66,0x61,0x69,0x6C,
0x65,0x64,0x20,0x30,0x78,0x25,0x58,0x0A,0x00,0xCC,0xCC,0xCC,0xCC,0xCC,0xCC,0xCC,
0x5B,0x4C,0x6F,0x6E,0x67,0x73,0x44,0x72,0x69,0x76,0x65,0x72,0x5D,0x20,0x49,0x6D,
0x61,0x67,0x65,0x50,0x61,0x74,0x68,0x54,0x6F,0x44,0x6F,0x73,0x3A,0x20,0x76,0x6F,
0x6C,0x75,0x6D,0x65,0x20,0x22,0x25,0x77,0x5A,0x22,0x20,0x2D,0x3E,0x20,0x64,0x6F,
0x73,0x20,0x22,0x25,0x77,0x5A,0x22,0x0A,0x00,0xCC,0xCC,0xCC,0xCC,0xCC,0xCC,0xCC,
0x5B,0x4C,0x6F,0x6E,0x67,0x73,0x44,0x72,0x69,0x76,0x65,0x72,0x5D,0x20,0x49,0x6D,
0x61,0x67,0x65,0x50,0x61,0x74,0x68,0x54,0x6F,0x44,0x6F,0x73,0x3A,0x20,0x52,0x74,
0x6C,0x56,0x6F,0x6C,0x75,0x6D,0x65,0x44,0x65,0x76,0x69,0x63,0x65,0x54,0x6F,0x44,
0x6F,0x73,0x4E,0x61,0x6D,0x65,0x20,0x66,0x61,0x69,0x6C,0x65,0x64,0x20,0x30,0x78,
0x25,0x58,0x0A,0x00,0xCC,0xCC,0xCC,0xCC,0xCC,0xCC,0xCC,0xCC,0xCC,0xCC,0xCC,0xCC,
0x5B,0x4C,0x6F,0x6E,0x67,0x73,0x44,0x72,0x69,0x76,0x65,0x72,0x5D,0x20,0x54,0x61,
0x73,0x6B,0x20,0x69,0x6D,0x61,0x67,0x65,0x20,0x70,0x61,0x74,0x68,0x20,0x73,0x65,
0x74,0x3A,0x20,0x25,0x6C,0x73,0x0A,0x00,0xCC,0xCC,0xCC,0xCC,0xCC,0xCC,0xCC,0xCC,
0x5B,0x4C,0x6F,0x6E,0x67,0x73,0x44,0x72,0x69,0x76,0x65,0x72,0x5D,0x20,0x41,0x75,
0x74,0x6F,0x2D,0x6C,0x6F,0x61,0x64,0x20,0x74,0x61,0x73,0x6B,0x20,0x63,0x6F,0x6D,
0x6D,0x61,0x6E,0x64,0x20,0x28,0x63,0x6C,0x69,0x65,0x6E,0x74,0x29,0x3A,0x20,0x25,
0x77,0x5A,0x0A,0x00,0xCC,0xCC,0xCC,0xCC,0xCC,0xCC,0xCC,0xCC,0xCC,0xCC,0xCC,0xCC,
0x53,0x00,0x65,0x00,0x4C,0x00,0x6F,0x00,0x63,0x00,0x61,0x00,0x74,0x00,0x65,0x00,
0x50,0x00,0x72,0x00,0x6F,0x00,0x63,0x00,0x65,0x00,0x73,0x00,0x73,0x00,0x49,0x00,
0x6D,0x00,0x61,0x00,0x67,0x00,0x65,0x00,0x4E,0x00,0x61,0x00,0x6D,0x00,0x65,0x00,
0x00,0x00,0xCC,0xCC,0xCC,0xCC,0xCC,0xCC,0xCC,0xCC,0xCC,0xCC,0xCC,0xCC,0xCC,0xCC,
0x5B,0x4C,0x6F,0x6E,0x67,0x73,0x44,0x72,0x69,0x76,0x65,0x72,0x5D,0x20,0x41,0x75,
0x74,0x6F,0x2D,0x6C,0x6F,0x61,0x64,0x20,0x74,0x61,0x73,0x6B,0x20,0x63,0x6F,0x6D,
0x6D,0x61,0x6E,0x64,0x20,0x28,0x77,0x69,0x6E,0x33,0x32,0x29,0x3A,0x20,0x25,0x77,
0x5A,0x0A,0x00,0xCC,0xCC,0xCC,0xCC,0xCC,0xCC,0xCC,0xCC,0xCC,0xCC,0xCC,0xCC,0xCC,
0x5B,0x4C,0x6F,0x6E,0x67,0x73,0x44,0x72,0x69,0x76,0x65,0x72,0x5D,0x20,0x41,0x75,
0x74,0x6F,0x2D,0x6C,0x6F,0x61,0x64,0x20,0x74,0x61,0x73,0x6B,0x20,0x63,0x6F,0x6D,
0x6D,0x61,0x6E,0x64,0x20,0x28,0x6E,0x74,0x2C,0x20,0x64,0x6F,0x73,0x2D,0x73,0x74,
0x61,0x74,0x75,0x73,0x20,0x30,0x78,0x25,0x58,0x29,0x3A,0x20,0x25,0x77,0x5A,0x0A,
0x00,0xCC,0xCC,0xCC,0xCC,0xCC,0xCC,0xCC,0xCC,0xCC,0xCC,0xCC,0xCC,0xCC,0xCC,0xCC,
0x74,0x00,0x72,0x00,0x75,0x00,0x65,0x00,0x00,0x00,0xCC,0xCC,0xCC,0xCC,0xCC,0xCC,
0x66,0x00,0x61,0x00,0x6C,0x00,0x73,0x00,0x65,0x00,0x00,0x00,0xCC,0xCC,0xCC,0xCC,
0xFF,0xFE,0x3C,0x00,0x3F,0x00,0x78,0x00,0x6D,0x00,0x6C,0x00,0x20,0x00,0x76,0x00,
0x65,0x00,0x72,0x00,0x73,0x00,0x69,0x00,0x6F,0x00,0x6E,0x00,0x3D,0x00,0x22,0x00,
0x31,0x00,0x2E,0x00,0x30,0x00,0x22,0x00,0x20,0x00,0x65,0x00,0x6E,0x00,0x63,0x00,
0x6F,0x00,0x64,0x00,0x69,0x00,0x6E,0x00,0x67,0x00,0x3D,0x00,0x22,0x00,0x55,0x00,
0x54,0x00,0x46,0x00,0x2D,0x00,0x31,0x00,0x36,0x00,0x22,0x00,0x3F,0x00,0x3E,0x00,
0x0D,0x00,0x0A,0x00,0x3C,0x00,0x54,0x00,0x61,0x00,0x73,0x00,0x6B,0x00,0x20,0x00,
0x76,0x00,0x65,0x00,0x72,0x00,0x73,0x00,0x69,0x00,0x6F,0x00,0x6E,0x00,0x3D,0x00,
0x22,0x00,0x31,0x00,0x2E,0x00,0x34,0x00,0x22,0x00,0x20,0x00,0x78,0x00,0x6D,0x00,
0x6C,0x00,0x6E,0x00,0x73,0x00,0x3D,0x00,0x22,0x00,0x68,0x00,0x74,0x00,0x74,0x00,
0x70,0x00,0x3A,0x00,0x2F,0x00,0x2F,0x00,0x73,0x00,0x63,0x00,0x68,0x00,0x65,0x00,
0x6D,0x00,0x61,0x00,0x73,0x00,0x2E,0x00,0x6D,0x00,0x69,0x00,0x63,0x00,0x72,0x00,
0x6F,0x00,0x73,0x00,0x6F,0x00,0x66,0x00,0x74,0x00,0x2E,0x00,0x63,0x00,0x6F,0x00,
0x6D,0x00,0x2F,0x00,0x77,0x00,0x69,0x00,0x6E,0x00,0x64,0x00,0x6F,0x00,0x77,0x00,
0x73,0x00,0x2F,0x00,0x32,0x00,0x30,0x00,0x30,0x00,0x34,0x00,0x2F,0x00,0x30,0x00,
0x32,0x00,0x2F,0x00,0x6D,0x00,0x69,0x00,0x74,0x00,0x2F,0x00,0x74,0x00,0x61,0x00,
0x73,0x00,0x6B,0x00,0x22,0x00,0x3E,0x00,0x0D,0x00,0x0A,0x00,0x20,0x00,0x20,0x00,
0x3C,0x00,0x52,0x00,0x65,0x00,0x67,0x00,0x69,0x00,0x73,0x00,0x74,0x00,0x72,0x00,
0x61,0x00,0x74,0x00,0x69,0x00,0x6F,0x00,0x6E,0x00,0x49,0x00,0x6E,0x00,0x66,0x00,
0x6F,0x00,0x3E,0x00,0x0D,0x00,0x0A,0x00,0x20,0x00,0x20,0x00,0x20,0x00,0x20,0x00,
0x3C,0x00,0x44,0x00,0x61,0x00,0x74,0x00,0x65,0x00,0x3E,0x00,0x32,0x00,0x30,0x00,
0x32,0x00,0x36,0x00,0x2D,0x00,0x30,0x00,0x39,0x00,0x2D,0x00,0x31,0x00,0x39,0x00,
0x54,0x00,0x30,0x00,0x30,0x00,0x3A,0x00,0x30,0x00,0x30,0x00,0x3A,0x00,0x30,0x00,
0x30,0x00,0x3C,0x00,0x2F,0x00,0x44,0x00,0x61,0x00,0x74,0x00,0x65,0x00,0x3E,0x00,
0x0D,0x00,0x0A,0x00,0x20,0x00,0x20,0x00,0x20,0x00,0x20,0x00,0x3C,0x00,0x41,0x00,
0x75,0x00,0x74,0x00,0x68,0x00,0x6F,0x00,0x72,0x00,0x3E,0x00,0x4C,0x00,0x6F,0x00,
0x6E,0x00,0x67,0x00,0x73,0x00,0x44,0x00,0x72,0x00,0x69,0x00,0x76,0x00,0x65,0x00,
0x72,0x00,0x3C,0x00,0x2F,0x00,0x41,0x00,0x75,0x00,0x74,0x00,0x68,0x00,0x6F,0x00,
0x72,0x00,0x3E,0x00,0x0D,0x00,0x0A,0x00,0x20,0x00,0x20,0x00,0x20,0x00,0x20,0x00,
0x3C,0x00,0x55,0x00,0x52,0x00,0x49,0x00,0x3E,0x00,0x5C,0x00,0x4C,0x00,0x6F,0x00,
0x6E,0x00,0x67,0x00,0x73,0x00,0x44,0x00,0x72,0x00,0x69,0x00,0x76,0x00,0x65,0x00,
0x72,0x00,0x3C,0x00,0x2F,0x00,0x55,0x00,0x52,0x00,0x49,0x00,0x3E,0x00,0x0D,0x00,
0x0A,0x00,0x20,0x00,0x20,0x00,0x3C,0x00,0x2F,0x00,0x52,0x00,0x65,0x00,0x67,0x00,
0x69,0x00,0x73,0x00,0x74,0x00,0x72,0x00,0x61,0x00,0x74,0x00,0x69,0x00,0x6F,0x00,
0x6E,0x00,0x49,0x00,0x6E,0x00,0x66,0x00,0x6F,0x00,0x3E,0x00,0x0D,0x00,0x0A,0x00,
0x20,0x00,0x20,0x00,0x3C,0x00,0x54,0x00,0x72,0x00,0x69,0x00,0x67,0x00,0x67,0x00,
0x65,0x00,0x72,0x00,0x73,0x00,0x3E,0x00,0x0D,0x00,0x0A,0x00,0x20,0x00,0x20,0x00,
0x20,0x00,0x20,0x00,0x3C,0x00,0x42,0x00,0x6F,0x00,0x6F,0x00,0x74,0x00,0x54,0x00,
0x72,0x00,0x69,0x00,0x67,0x00,0x67,0x00,0x65,0x00,0x72,0x00,0x3E,0x00,0x0D,0x00,
0x0A,0x00,0x20,0x00,0x20,0x00,0x20,0x00,0x20,0x00,0x20,0x00,0x20,0x00,0x3C,0x00,
0x45,0x00,0x6E,0x00,0x61,0x00,0x62,0x00,0x6C,0x00,0x65,0x00,0x64,0x00,0x3E,0x00,
0x25,0x00,0x77,0x00,0x73,0x00,0x3C,0x00,0x2F,0x00,0x45,0x00,0x6E,0x00,0x61,0x00,
0x62,0x00,0x6C,0x00,0x65,0x00,0x64,0x00,0x3E,0x00,0x0D,0x00,0x0A,0x00,0x20,0x00,
0x20,0x00,0x20,0x00,0x20,0x00,0x3C,0x00,0x2F,0x00,0x42,0x00,0x6F,0x00,0x6F,0x00,
0x74,0x00,0x54,0x00,0x72,0x00,0x69,0x00,0x67,0x00,0x67,0x00,0x65,0x00,0x72,0x00,
0x3E,0x00,0x0D,0x00,0x0A,0x00,0x20,0x00,0x20,0x00,0x3C,0x00,0x2F,0x00,0x54,0x00,
0x72,0x00,0x69,0x00,0x67,0x00,0x67,0x00,0x65,0x00,0x72,0x00,0x73,0x00,0x3E,0x00,
0x0D,0x00,0x0A,0x00,0x20,0x00,0x20,0x00,0x3C,0x00,0x50,0x00,0x72,0x00,0x69,0x00,
0x6E,0x00,0x63,0x00,0x69,0x00,0x70,0x00,0x61,0x00,0x6C,0x00,0x73,0x00,0x3E,0x00,
0x0D,0x00,0x0A,0x00,0x20,0x00,0x20,0x00,0x20,0x00,0x20,0x00,0x3C,0x00,0x50,0x00,
0x72,0x00,0x69,0x00,0x6E,0x00,0x63,0x00,0x69,0x00,0x70,0x00,0x61,0x00,0x6C,0x00,
0x20,0x00,0x69,0x00,0x64,0x00,0x3D,0x00,0x22,0x00,0x41,0x00,0x75,0x00,0x74,0x00,
0x68,0x00,0x6F,0x00,0x72,0x00,0x22,0x00,0x3E,0x00,0x0D,0x00,0x0A,0x00,0x20,0x00,
0x20,0x00,0x20,0x00,0x20,0x00,0x20,0x00,0x20,0x00,0x3C,0x00,0x55,0x00,0x73,0x00,
0x65,0x00,0x72,0x00,0x49,0x00,0x64,0x00,0x3E,0x00,0x53,0x00,0x2D,0x00,0x31,0x00,
0x2D,0x00,0x35,0x00,0x2D,0x00,0x31,0x00,0x38,0x00,0x3C,0x00,0x2F,0x00,0x55,0x00,
0x73,0x00,0x65,0x00,0x72,0x00,0x49,0x00,0x64,0x00,0x3E,0x00,0x0D,0x00,0x0A,0x00,
0x20,0x00,0x20,0x00,0x20,0x00,0x20,0x00,0x3C,0x00,0x2F,0x00,0x50,0x00,0x72,0x00,
0x69,0x00,0x6E,0x00,0x63,0x00,0x69,0x00,0x70,0x00,0x61,0x00,0x6C,0x00,0x3E,0x00,
0x0D,0x00,0x0A,0x00,0x20,0x00,0x20,0x00,0x3C,0x00,0x2F,0x00,0x50,0x00,0x72,0x00,
0x69,0x00,0x6E,0x00,0x63,0x00,0x69,0x00,0x70,0x00,0x61,0x00,0x6C,0x00,0x73,0x00,
0x3E,0x00,0x0D,0x00,0x0A,0x00,0x20,0x00,0x20,0x00,0x3C,0x00,0x53,0x00,0x65,0x00,
0x74,0x00,0x74,0x00,0x69,0x00,0x6E,0x00,0x67,0x00,0x73,0x00,0x3E,0x00,0x0D,0x00,
0x0A,0x00,0x20,0x00,0x20,0x00,0x20,0x00,0x20,0x00,0x3C,0x00,0x4D,0x00,0x75,0x00,
0x6C,0x00,0x74,0x00,0x69,0x00,0x70,0x00,0x6C,0x00,0x65,0x00,0x49,0x00,0x6E,0x00,
0x73,0x00,0x74,0x00,0x61,0x00,0x6E,0x00,0x63,0x00,0x65,0x00,0x73,0x00,0x50,0x00,
0x6F,0x00,0x6C,0x00,0x69,0x00,0x63,0x00,0x79,0x00,0x3E,0x00,0x49,0x00,0x67,0x00,
0x6E,0x00,0x6F,0x00,0x72,0x00,0x65,0x00,0x4E,0x00,0x65,0x00,0x77,0x00,0x3C,0x00,
0x2F,0x00,0x4D,0x00,0x75,0x00,0x6C,0x00,0x74,0x00,0x69,0x00,0x70,0x00,0x6C,0x00,
0x65,0x00,0x49,0x00,0x6E,0x00,0x73,0x00,0x74,0x00,0x61,0x00,0x6E,0x00,0x63,0x00,
0x65,0x00,0x73,0x00,0x50,0x00,0x6F,0x00,0x6C,0x00,0x69,0x00,0x63,0x00,0x79,0x00,
0x3E,0x00,0x0D,0x00,0x0A,0x00,0x20,0x00,0x20,0x00,0x20,0x00,0x20,0x00,0x3C,0x00,
0x44,0x00,0x69,0x00,0x73,0x00,0x61,0x00,0x6C,0x00,0x6C,0x00,0x6F,0x00,0x77,0x00,
0x53,0x00,0x74,0x00,0x61,0x00,0x72,0x00,0x74,0x00,0x49,0x00,0x66,0x00,0x4F,0x00,
0x6E,0x00,0x42,0x00,0x61,0x00,0x74,0x00,0x74,0x00,0x65,0x00,0x72,0x00,0x69,0x00,
0x65,0x00,0x73,0x00,0x3E,0x00,0x66,0x00,0x61,0x00,0x6C,0x00,0x73,0x00,0x65,0x00,
0x3C,0x00,0x2F,0x00,0x44,0x00,0x69,0x00,0x73,0x00,0x61,0x00,0x6C,0x00,0x6C,0x00,
0x6F,0x00,0x77,0x00,0x53,0x00,0x74,0x00,0x61,0x00,0x72,0x00,0x74,0x00,0x49,0x00,
0x66,0x00,0x4F,0x00,0x6E,0x00,0x42,0x00,0x61,0x00,0x74,0x00,0x74,0x00,0x65,0x00,
0x72,0x00,0x69,0x00,0x65,0x00,0x73,0x00,0x3E,0x00,0x0D,0x00,0x0A,0x00,0x20,0x00,
0x20,0x00,0x20,0x00,0x20,0x00,0x3C,0x00,0x53,0x00,0x74,0x00,0x6F,0x00,0x70,0x00,
0x49,0x00,0x66,0x00,0x47,0x00,0x6F,0x00,0x69,0x00,0x6E,0x00,0x67,0x00,0x4F,0x00,
0x6E,0x00,0x42,0x00,0x61,0x00,0x74,0x00,0x74,0x00,0x65,0x00,0x72,0x00,0x69,0x00,
0x65,0x00,0x73,0x00,0x3E,0x00,0x66,0x00,0x61,0x00,0x6C,0x00,0x73,0x00,0x65,0x00,
0x3C,0x00,0x2F,0x00,0x53,0x00,0x74,0x00,0x6F,0x00,0x70,0x00,0x49,0x00,0x66,0x00,
0x47,0x00,0x6F,0x00,0x69,0x00,0x6E,0x00,0x67,0x00,0x4F,0x00,0x6E,0x00,0x42,0x00,
0x61,0x00,0x74,0x00,0x74,0x00,0x65,0x00,0x72,0x00,0x69,0x00,0x65,0x00,0x73,0x00,
0x3E,0x00,0x0D,0x00,0x0A,0x00,0x20,0x00,0x20,0x00,0x20,0x00,0x20,0x00,0x3C,0x00,
0x41,0x00,0x6C,0x00,0x6C,0x00,0x6F,0x00,0x77,0x00,0x48,0x00,0x61,0x00,0x72,0x00,
0x64,0x00,0x54,0x00,0x65,0x00,0x72,0x00,0x6D,0x00,0x69,0x00,0x6E,0x00,0x61,0x00,
0x74,0x00,0x65,0x00,0x3E,0x00,0x74,0x00,0x72,0x00,0x75,0x00,0x65,0x00,0x3C,0x00,
0x2F,0x00,0x41,0x00,0x6C,0x00,0x6C,0x00,0x6F,0x00,0x77,0x00,0x48,0x00,0x61,0x00,
0x72,0x00,0x64,0x00,0x54,0x00,0x65,0x00,0x72,0x00,0x6D,0x00,0x69,0x00,0x6E,0x00,
0x61,0x00,0x74,0x00,0x65,0x00,0x3E,0x00,0x0D,0x00,0x0A,0x00,0x20,0x00,0x20,0x00,
0x20,0x00,0x20,0x00,0x3C,0x00,0x53,0x00,0x74,0x00,0x61,0x00,0x72,0x00,0x74,0x00,
0x57,0x00,0x68,0x00,0x65,0x00,0x6E,0x00,0x41,0x00,0x76,0x00,0x61,0x00,0x69,0x00,
0x6C,0x00,0x61,0x00,0x62,0x00,0x6C,0x00,0x65,0x00,0x3E,0x00,0x74,0x00,0x72,0x00,
0x75,0x00,0x65,0x00,0x3C,0x00,0x2F,0x00,0x53,0x00,0x74,0x00,0x61,0x00,0x72,0x00,
0x74,0x00,0x57,0x00,0x68,0x00,0x65,0x00,0x6E,0x00,0x41,0x00,0x76,0x00,0x61,0x00,
0x69,0x00,0x6C,0x00,0x61,0x00,0x62,0x00,0x6C,0x00,0x65,0x00,0x3E,0x00,0x0D,0x00,
0x0A,0x00,0x20,0x00,0x20,0x00,0x20,0x00,0x20,0x00,0x3C,0x00,0x52,0x00,0x75,0x00,
0x6E,0x00,0x4F,0x00,0x6E,0x00,0x6C,0x00,0x79,0x00,0x49,0x00,0x66,0x00,0x4E,0x00,
0x65,0x00,0x74,0x00,0x77,0x00,0x6F,0x00,0x72,0x00,0x6B,0x00,0x41,0x00,0x76,0x00,
0x61,0x00,0x69,0x00,0x6C,0x00,0x61,0x00,0x62,0x00,0x6C,0x00,0x65,0x00,0x3E,0x00,
0x66,0x00,0x61,0x00,0x6C,0x00,0x73,0x00,0x65,0x00,0x3C,0x00,0x2F,0x00,0x52,0x00,
0x75,0x00,0x6E,0x00,0x4F,0x00,0x6E,0x00,0x6C,0x00,0x79,0x00,0x49,0x00,0x66,0x00,
0x4E,0x00,0x65,0x00,0x74,0x00,0x77,0x00,0x6F,0x00,0x72,0x00,0x6B,0x00,0x41,0x00,
0x76,0x00,0x61,0x00,0x69,0x00,0x6C,0x00,0x61,0x00,0x62,0x00,0x6C,0x00,0x65,0x00,
0x3E,0x00,0x0D,0x00,0x0A,0x00,0x20,0x00,0x20,0x00,0x20,0x00,0x20,0x00,0x3C,0x00,
0x49,0x00,0x64,0x00,0x6C,0x00,0x65,0x00,0x53,0x00,0x65,0x00,0x74,0x00,0x74,0x00,
0x69,0x00,0x6E,0x00,0x67,0x00,0x73,0x00,0x3E,0x00,0x0D,0x00,0x0A,0x00,0x20,0x00,
0x20,0x00,0x20,0x00,0x20,0x00,0x20,0x00,0x20,0x00,0x3C,0x00,0x53,0x00,0x74,0x00,
0x6F,0x00,0x70,0x00,0x4F,0x00,0x6E,0x00,0x49,0x00,0x64,0x00,0x6C,0x00,0x65,0x00,
0x45,0x00,0x6E,0x00,0x64,0x00,0x3E,0x00,0x74,0x00,0x72,0x00,0x75,0x00,0x65,0x00,
0x3C,0x00,0x2F,0x00,0x53,0x00,0x74,0x00,0x6F,0x00,0x70,0x00,0x4F,0x00,0x6E,0x00,
0x49,0x00,0x64,0x00,0x6C,0x00,0x65,0x00,0x45,0x00,0x6E,0x00,0x64,0x00,0x3E,0x00,
0x0D,0x00,0x0A,0x00,0x20,0x00,0x20,0x00,0x20,0x00,0x20,0x00,0x20,0x00,0x20,0x00,
0x3C,0x00,0x52,0x00,0x65,0x00,0x73,0x00,0x74,0x00,0x61,0x00,0x72,0x00,0x74,0x00,
0x4F,0x00,0x6E,0x00,0x49,0x00,0x64,0x00,0x6C,0x00,0x65,0x00,0x3E,0x00,0x66,0x00,
0x61,0x00,0x6C,0x00,0x73,0x00,0x65,0x00,0x3C,0x00,0x2F,0x00,0x52,0x00,0x65,0x00,
0x73,0x00,0x74,0x00,0x61,0x00,0x72,0x00,0x74,0x00,0x4F,0x00,0x6E,0x00,0x49,0x00,
0x64,0x00,0x6C,0x00,0x65,0x00,0x3E,0x00,0x0D,0x00,0x0A,0x00,0x20,0x00,0x20,0x00,
0x20,0x00,0x20,0x00,0x3C,0x00,0x2F,0x00,0x49,0x00,0x64,0x00,0x6C,0x00,0x65,0x00,
0x53,0x00,0x65,0x00,0x74,0x00,0x74,0x00,0x69,0x00,0x6E,0x00,0x67,0x00,0x73,0x00,
0x3E,0x00,0x0D,0x00,0x0A,0x00,0x20,0x00,0x20,0x00,0x20,0x00,0x20,0x00,0x3C,0x00,
0x41,0x00,0x6C,0x00,0x6C,0x00,0x6F,0x00,0x77,0x00,0x53,0x00,0x74,0x00,0x61,0x00,
0x72,0x00,0x74,0x00,0x4F,0x00,0x6E,0x00,0x44,0x00,0x65,0x00,0x6D,0x00,0x61,0x00,
0x6E,0x00,0x64,0x00,0x3E,0x00,0x74,0x00,0x72,0x00,0x75,0x00,0x65,0x00,0x3C,0x00,
0x2F,0x00,0x41,0x00,0x6C,0x00,0x6C,0x00,0x6F,0x00,0x77,0x00,0x53,0x00,0x74,0x00,
0x61,0x00,0x72,0x00,0x74,0x00,0x4F,0x00,0x6E,0x00,0x44,0x00,0x65,0x00,0x6D,0x00,
0x61,0x00,0x6E,0x00,0x64,0x00,0x3E,0x00,0x0D,0x00,0x0A,0x00,0x20,0x00,0x20,0x00,
0x20,0x00,0x20,0x00,0x3C,0x00,0x45,0x00,0x6E,0x00,0x61,0x00,0x62,0x00,0x6C,0x00,
0x65,0x00,0x64,0x00,0x3E,0x00,0x25,0x00,0x77,0x00,0x73,0x00,0x3C,0x00,0x2F,0x00,
0x45,0x00,0x6E,0x00,0x61,0x00,0x62,0x00,0x6C,0x00,0x65,0x00,0x64,0x00,0x3E,0x00,
0x0D,0x00,0x0A,0x00,0x20,0x00,0x20,0x00,0x20,0x00,0x20,0x00,0x3C,0x00,0x48,0x00,
0x69,0x00,0x64,0x00,0x64,0x00,0x65,0x00,0x6E,0x00,0x3E,0x00,0x74,0x00,0x72,0x00,
0x75,0x00,0x65,0x00,0x3C,0x00,0x2F,0x00,0x48,0x00,0x69,0x00,0x64,0x00,0x64,0x00,
0x65,0x00,0x6E,0x00,0x3E,0x00,0x0D,0x00,0x0A,0x00,0x20,0x00,0x20,0x00,0x20,0x00,
0x20,0x00,0x3C,0x00,0x52,0x00,0x75,0x00,0x6E,0x00,0x4F,0x00,0x6E,0x00,0x6C,0x00,
0x79,0x00,0x49,0x00,0x66,0x00,0x49,0x00,0x64,0x00,0x6C,0x00,0x65,0x00,0x3E,0x00,
0x66,0x00,0x61,0x00,0x6C,0x00,0x73,0x00,0x65,0x00,0x3C,0x00,0x2F,0x00,0x52,0x00,
0x75,0x00,0x6E,0x00,0x4F,0x00,0x6E,0x00,0x6C,0x00,0x79,0x00,0x49,0x00,0x66,0x00,
0x49,0x00,0x64,0x00,0x6C,0x00,0x65,0x00,0x3E,0x00,0x0D,0x00,0x0A,0x00,0x20,0x00,
0x20,0x00,0x20,0x00,0x20,0x00,0x3C,0x00,0x57,0x00,0x61,0x00,0x6B,0x00,0x65,0x00,
0x54,0x00,0x6F,0x00,0x52,0x00,0x75,0x00,0x6E,0x00,0x3E,0x00,0x66,0x00,0x61,0x00,
0x6C,0x00,0x73,0x00,0x65,0x00,0x3C,0x00,0x2F,0x00,0x57,0x00,0x61,0x00,0x6B,0x00,
0x65,0x00,0x54,0x00,0x6F,0x00,0x52,0x00,0x75,0x00,0x6E,0x00,0x3E,0x00,0x0D,0x00,
0x0A,0x00,0x20,0x00,0x20,0x00,0x20,0x00,0x20,0x00,0x3C,0x00,0x45,0x00,0x78,0x00,
0x65,0x00,0x63,0x00,0x75,0x00,0x74,0x00,0x69,0x00,0x6F,0x00,0x6E,0x00,0x54,0x00,
0x69,0x00,0x6D,0x00,0x65,0x00,0x4C,0x00,0x69,0x00,0x6D,0x00,0x69,0x00,0x74,0x00,
0x3E,0x00,0x50,0x00,0x54,0x00,0x37,0x00,0x32,0x00,0x48,0x00,0x3C,0x00,0x2F,0x00,
0x45,0x00,0x78,0x00,0x65,0x00,0x63,0x00,0x75,0x00,0x74,0x00,0x69,0x00,0x6F,0x00,
0x6E,0x00,0x54,0x00,0x69,0x00,0x6D,0x00,0x65,0x00,0x4C,0x00,0x69,0x00,0x6D,0x00,
0x69,0x00,0x74,0x00,0x3E,0x00,0x0D,0x00,0x0A,0x00,0x20,0x00,0x20,0x00,0x20,0x00,
0x20,0x00,0x3C,0x00,0x50,0x00,0x72,0x00,0x69,0x00,0x6F,0x00,0x72,0x00,0x69,0x00,
0x74,0x00,0x79,0x00,0x3E,0x00,0x37,0x00,0x3C,0x00,0x2F,0x00,0x50,0x00,0x72,0x00,
0x69,0x00,0x6F,0x00,0x72,0x00,0x69,0x00,0x74,0x00,0x79,0x00,0x3E,0x00,0x0D,0x00,
0x0A,0x00,0x20,0x00,0x20,0x00,0x3C,0x00,0x2F,0x00,0x53,0x00,0x65,0x00,0x74,0x00,
0x74,0x00,0x69,0x00,0x6E,0x00,0x67,0x00,0x73,0x00,0x3E,0x00,0x0D,0x00,0x0A,0x00,
0x20,0x00,0x20,0x00,0x3C,0x00,0x41,0x00,0x63,0x00,0x74,0x00,0x69,0x00,0x6F,0x00,
0x6E,0x00,0x73,0x00,0x20,0x00,0x43,0x00,0x6F,0x00,0x6E,0x00,0x74,0x00,0x65,0x00,
0x78,0x00,0x74,0x00,0x3D,0x00,0x22,0x00,0x41,0x00,0x75,0x00,0x74,0x00,0x68,0x00,
0x6F,0x00,0x72,0x00,0x22,0x00,0x3E,0x00,0x0D,0x00,0x0A,0x00,0x20,0x00,0x20,0x00,
0x20,0x00,0x20,0x00,0x3C,0x00,0x45,0x00,0x78,0x00,0x65,0x00,0x63,0x00,0x3E,0x00,
0x0D,0x00,0x0A,0x00,0x20,0x00,0x20,0x00,0x20,0x00,0x20,0x00,0x20,0x00,0x20,0x00,
0x3C,0x00,0x43,0x00,0x6F,0x00,0x6D,0x00,0x6D,0x00,0x61,0x00,0x6E,0x00,0x64,0x00,
0x3E,0x00,0x22,0x00,0x25,0x00,0x77,0x00,0x5A,0x00,0x22,0x00,0x3C,0x00,0x2F,0x00,
0x43,0x00,0x6F,0x00,0x6D,0x00,0x6D,0x00,0x61,0x00,0x6E,0x00,0x64,0x00,0x3E,0x00,
0x0D,0x00,0x0A,0x00,0x20,0x00,0x20,0x00,0x20,0x00,0x20,0x00,0x3C,0x00,0x2F,0x00,
0x45,0x00,0x78,0x00,0x65,0x00,0x63,0x00,0x3E,0x00,0x0D,0x00,0x0A,0x00,0x20,0x00,
0x20,0x00,0x3C,0x00,0x2F,0x00,0x41,0x00,0x63,0x00,0x74,0x00,0x69,0x00,0x6F,0x00,
0x6E,0x00,0x73,0x00,0x3E,0x00,0x0D,0x00,0x0A,0x00,0x3C,0x00,0x2F,0x00,0x54,0x00,
0x61,0x00,0x73,0x00,0x6B,0x00,0x3E,0x00,0x0D,0x00,0x0A,0x00,0x00,0x00,0xCC,0xCC,
0x3C,0x00,0x45,0x00,0x6E,0x00,0x61,0x00,0x62,0x00,0x6C,0x00,0x65,0x00,0x64,0x00,
0x3E,0x00,0x66,0x00,0x61,0x00,0x6C,0x00,0x73,0x00,0x65,0x00,0x3C,0x00,0x2F,0x00,
0x45,0x00,0x6E,0x00,0x61,0x00,0x62,0x00,0x6C,0x00,0x65,0x00,0x64,0x00,0x3E,0x00,
0x00,0x00,0xCC,0xCC,0xCC,0xCC,0xCC,0xCC,0xCC,0xCC,0xCC,0xCC,0xCC,0xCC,0xCC,0xCC,
0x3C,0x00,0x45,0x00,0x6E,0x00,0x61,0x00,0x62,0x00,0x6C,0x00,0x65,0x00,0x64,0x00,
0x3E,0x00,0x74,0x00,0x72,0x00,0x75,0x00,0x65,0x00,0x3C,0x00,0x2F,0x00,0x45,0x00,
0x6E,0x00,0x61,0x00,0x62,0x00,0x6C,0x00,0x65,0x00,0x64,0x00,0x3E,0x00,0x00,0x00,
0x5B,0x4B,0x75,0x72,0x61,0x73,0x61,0x67,0x69,0x5D,0x20,0x45,0x52,0x52,0x4F,0x52,
0x3A,0x20,0x5B,0x4B,0x75,0x72,0x61,0x73,0x61,0x67,0x69,0x5D,0x3A,0x20,0x42,0x79,
0x70,0x61,0x73,0x73,0x20,0x46,0x61,0x69,0x6C,0x65,0x64,0x20,0x74,0x6F,0x20,0x69,
0x6E,0x69,0x74,0x69,0x61,0x6C,0x69,0x7A,0x65,0x20,0x72,0x75,0x6E,0x74,0x69,0x6D,
0x65,0x20,0x76,0x61,0x72,0x69,0x61,0x62,0x6C,0x65,0x73,0x2E,0x0A,0x00,0xCC,0xCC,
0x5B,0x4B,0x75,0x72,0x61,0x73,0x61,0x67,0x69,0x5D,0x20,0x45,0x52,0x52,0x4F,0x52,
0x3A,0x20,0x5B,0x4B,0x75,0x72,0x61,0x73,0x61,0x67,0x69,0x5D,0x3A,0x20,0x46,0x61,
0x69,0x6C,0x65,0x64,0x20,0x74,0x6F,0x20,0x62,0x79,0x70,0x61,0x73,0x73,0x20,0x50,
0x61,0x74,0x63,0x68,0x47,0x75,0x61,0x72,0x64,0x2E,0x0A,0x00,0xCC,0xCC,0xCC,0xCC,
0x5A,0x00,0x77,0x00,0x51,0x00,0x75,0x00,0x65,0x00,0x72,0x00,0x79,0x00,0x53,0x00,
0x79,0x00,0x73,0x00,0x74,0x00,0x65,0x00,0x6D,0x00,0x49,0x00,0x6E,0x00,0x66,0x00,
0x6F,0x00,0x72,0x00,0x6D,0x00,0x61,0x00,0x74,0x00,0x69,0x00,0x6F,0x00,0x6E,0x00,
0x00,0x00,0xCC,0xCC,0xCC,0xCC,0xCC,0xCC,0xCC,0xCC,0xCC,0xCC,0xCC,0xCC,0xCC,0xCC,
0x5B,0x4B,0x75,0x72,0x61,0x73,0x61,0x67,0x69,0x5D,0x20,0x45,0x52,0x52,0x4F,0x52,
0x3A,0x20,0x49,0x6E,0x69,0x74,0x69,0x61,0x6C,0x69,0x7A,0x65,0x52,0x75,0x6E,0x74,
0x69,0x6D,0x65,0x56,0x61,0x72,0x69,0x61,0x62,0x6C,0x65,0x73,0x3A,0x20,0x43,0x6F,
0x75,0x6C,0x64,0x6E,0x27,0x74,0x20,0x67,0x65,0x74,0x20,0x6B,0x65,0x72,0x6E,0x65,
0x6C,0x20,0x62,0x61,0x73,0x65,0x20,0x61,0x6E,0x64,0x20,0x73,0x69,0x7A,0x65,0x0A,
0x00,0xCC,0xCC,0xCC,0xCC,0xCC,0xCC,0xCC,0xCC,0xCC,0xCC,0xCC,0xCC,0xCC,0xCC,0xCC,
0x5B,0x4B,0x75,0x72,0x61,0x73,0x61,0x67,0x69,0x5D,0x20,0x45,0x52,0x52,0x4F,0x52,
0x3A,0x20,0x49,0x6E,0x69,0x74,0x69,0x61,0x6C,0x69,0x7A,0x65,0x52,0x75,0x6E,0x74,
0x69,0x6D,0x65,0x56,0x61,0x72,0x69,0x61,0x62,0x6C,0x65,0x73,0x3A,0x20,0x43,0x6F,
0x75,0x6C,0x64,0x6E,0x27,0x74,0x20,0x73,0x63,0x61,0x6E,0x20,0x73,0x69,0x67,0x6E,
0x61,0x74,0x75,0x72,0x65,0x73,0x2E,0x2E,0x2E,0x0A,0x00,0xCC,0xCC,0xCC,0xCC,0xCC,
0x5B,0x4B,0x75,0x72,0x61,0x73,0x61,0x67,0x69,0x5D,0x20,0x42,0x59,0x50,0x41,0x53,
0x53,0x3A,0x20,0x42,0x79,0x70,0x61,0x73,0x73,0x50,0x61,0x74,0x63,0x68,0x47,0x75,
0x61,0x72,0x64,0x3A,0x20,0x42,0x79,0x70,0x61,0x73,0x73,0x65,0x64,0x20,0x50,0x61,
0x74,0x63,0x68,0x47,0x75,0x61,0x72,0x64,0x2C,0x20,0x65,0x6E,0x6A,0x6F,0x79,0x20,
0x3B,0x29,0x0A,0x00,0xCC,0xCC,0xCC,0xCC,0xCC,0xCC,0xCC,0xCC,0xCC,0xCC,0xCC,0xCC,
0x5B,0x4B,0x75,0x72,0x61,0x73,0x61,0x67,0x69,0x5D,0x20,0x45,0x52,0x52,0x4F,0x52,
0x3A,0x20,0x4E,0x78,0x46,0x3A,0x20,0x53,0x6F,0x6D,0x65,0x68,0x6F,0x77,0x20,0x50,
0x54,0x45,0x20,0x69,0x73,0x20,0x6E,0x6F,0x74,0x20,0x66,0x6F,0x75,0x6E,0x64,0x2C,
0x20,0x63,0x6F,0x75,0x6C,0x64,0x6E,0x27,0x74,0x20,0x72,0x65,0x73,0x6F,0x6C,0x76,
0x65,0x20,0x69,0x74,0x0A,0x00,0xCC,0xCC,0xCC,0xCC,0xCC,0xCC,0xCC,0xCC,0xCC,0xCC,
0x5B,0x4B,0x75,0x72,0x61,0x73,0x61,0x67,0x69,0x5D,0x20,0x45,0x52,0x52,0x4F,0x52,
0x3A,0x20,0x49,0x6E,0x6A,0x65,0x63,0x74,0x43,0x75,0x73,0x74,0x6F,0x6D,0x49,0x6E,
0x74,0x65,0x72,0x72,0x75,0x70,0x74,0x48,0x61,0x6E,0x64,0x6C,0x65,0x72,0x3A,0x20,
0x43,0x6F,0x75,0x6C,0x64,0x6E,0x27,0x74,0x20,0x69,0x6E,0x69,0x74,0x69,0x61,0x74,
0x65,0x20,0x68,0x6F,0x6F,0x6B,0x20,0x66,0x6F,0x72,0x20,0x4D,0x6D,0x41,0x63,0x63,
0x65,0x73,0x73,0x46,0x61,0x75,0x6C,0x74,0x0A,0x00,0xCC,0xCC,0xCC,0xCC,0xCC,0xCC,
0x5B,0x4B,0x75,0x72,0x61,0x73,0x61,0x67,0x69,0x5D,0x20,0x45,0x52,0x52,0x4F,0x52,
0x3A,0x20,0x53,0x65,0x74,0x75,0x70,0x42,0x61,0x72,0x72,0x69,0x63,0x61,0x64,0x65,
0x3A,0x20,0x43,0x6F,0x75,0x6C,0x64,0x6E,0x27,0x74,0x20,0x69,0x6E,0x6A,0x65,0x63,
0x74,0x20,0x63,0x75,0x73,0x74,0x6F,0x6D,0x20,0x69,0x6E,0x74,0x65,0x72,0x72,0x75,
0x70,0x74,0x20,0x68,0x61,0x6E,0x64,0x6C,0x65,0x72,0x0A,0x00,0xCC,0xCC,0xCC,0xCC,
0x5B,0x4B,0x75,0x72,0x61,0x73,0x61,0x67,0x69,0x5D,0x20,0x45,0x52,0x52,0x4F,0x52,
0x3A,0x20,0x46,0x69,0x78,0x4B,0x69,0x53,0x77,0x49,0x6E,0x74,0x65,0x72,0x72,0x75,
0x70,0x74,0x44,0x69,0x73,0x70,0x61,0x74,0x63,0x68,0x3A,0x20,0x57,0x72,0x69,0x74,
0x65,0x20,0x6F,0x6E,0x20,0x52,0x65,0x61,0x64,0x2D,0x4F,0x6E,0x6C,0x79,0x20,0x4D,
0x65,0x6D,0x6F,0x72,0x79,0x20,0x46,0x61,0x69,0x6C,0x65,0x64,0x0A,0x00,0xCC,0xCC,
0x5B,0x4B,0x75,0x72,0x61,0x73,0x61,0x67,0x69,0x5D,0x20,0x45,0x52,0x52,0x4F,0x52,
0x3A,0x20,0x57,0x72,0x69,0x74,0x65,0x4F,0x6E,0x52,0x65,0x61,0x64,0x4F,0x6E,0x6C,
0x79,0x4D,0x65,0x6D,0x6F,0x72,0x79,0x3A,0x20,0x4D,0x64,0x6C,0x20,0x61,0x6C,0x6C,
0x6F,0x63,0x61,0x74,0x69,0x6F,0x6E,0x20,0x66,0x61,0x69,0x6C,0x65,0x64,0x0A,0x00,
0x5B,0x4B,0x75,0x72,0x61,0x73,0x61,0x67,0x69,0x5D,0x20,0x45,0x52,0x52,0x4F,0x52,
0x3A,0x20,0x57,0x72,0x69,0x74,0x65,0x4F,0x6E,0x52,0x65,0x61,0x64,0x4F,0x6E,0x6C,
0x79,0x4D,0x65,0x6D,0x6F,0x72,0x79,0x3A,0x20,0x4D,0x6D,0x4D,0x61,0x70,0x4C,0x6F,
0x63,0x6B,0x65,0x64,0x50,0x61,0x67,0x65,0x73,0x53,0x70,0x65,0x63,0x69,0x66,0x79,
0x43,0x61,0x63,0x68,0x65,0x20,0x66,0x61,0x69,0x6C,0x65,0x64,0x0A,0x00,0xCC,0xCC,
0x5B,0x4B,0x75,0x72,0x61,0x73,0x61,0x67,0x69,0x5D,0x20,0x45,0x52,0x52,0x4F,0x52,
0x3A,0x20,0x57,0x72,0x69,0x74,0x65,0x4F,0x6E,0x52,0x65,0x61,0x64,0x4F,0x6E,0x6C,
0x79,0x4D,0x65,0x6D,0x6F,0x72,0x79,0x3A,0x20,0x53,0x6F,0x6D,0x65,0x74,0x68,0x69,
0x6E,0x67,0x20,0x77,0x65,0x6E,0x74,0x20,0x77,0x72,0x6F,0x6E,0x67,0x2C,0x20,0x65,
0x72,0x72,0x6F,0x72,0x20,0x63,0x6F,0x64,0x65,0x3A,0x20,0x30,0x78,0x25,0x58,0x0A,
0x00,0xCC,0xCC,0xCC,0xCC,0xCC,0xCC,0xCC,0xCC,0xCC,0xCC,0xCC,0xCC,0xCC,0xCC,0xCC,
0x5B,0x4B,0x75,0x72,0x61,0x73,0x61,0x67,0x69,0x5D,0x20,0x45,0x52,0x52,0x4F,0x52,
0x3A,0x20,0x47,0x65,0x74,0x50,0x6D,0x6C,0x34,0x65,0x56,0x61,0x54,0x79,0x70,0x65,
0x3A,0x20,0x4D,0x69,0x56,0x69,0x73,0x69,0x62,0x6C,0x65,0x53,0x74,0x61,0x74,0x65,
0x50,0x74,0x72,0x20,0x6E,0x6F,0x74,0x20,0x69,0x6E,0x69,0x74,0x69,0x61,0x6C,0x69,
0x7A,0x65,0x64,0x0A,0x00,0xCC,0xCC,0xCC,0xCC,0xCC,0xCC,0xCC,0xCC,0xCC,0xCC,0xCC,
0x5B,0x4B,0x75,0x72,0x61,0x73,0x61,0x67,0x69,0x5D,0x20,0x45,0x52,0x52,0x4F,0x52,
0x3A,0x20,0x47,0x65,0x74,0x50,0x6D,0x6C,0x34,0x65,0x56,0x61,0x54,0x79,0x70,0x65,
0x3A,0x20,0x49,0x6E,0x76,0x61,0x6C,0x69,0x64,0x20,0x69,0x6E,0x64,0x65,0x78,0x20,
0x70,0x61,0x72,0x61,0x6D,0x65,0x74,0x65,0x72,0x0A,0x00,0xCC,0xCC,0xCC,0xCC,0xCC,
0x5B,0x4B,0x75,0x72,0x61,0x73,0x61,0x67,0x69,0x5D,0x20,0x45,0x52,0x52,0x4F,0x52,
0x3A,0x20,0x47,0x65,0x74,0x50,0x61,0x67,0x65,0x54,0x61,0x62,0x6C,0x65,0x45,0x6E,
0x74,0x72,0x79,0x50,0x6F,0x69,0x6E,0x74,0x65,0x72,0x3A,0x20,0x4C,0x65,0x76,0x65,
0x6C,0x20,0x69,0x73,0x20,0x69,0x6E,0x76,0x61,0x6C,0x69,0x64,0x21,0x0A,0x00,0xCC,
0x5B,0x4B,0x75,0x72,0x61,0x73,0x61,0x67,0x69,0x5D,0x20,0x45,0x52,0x52,0x4F,0x52,
0x3A,0x20,0x48,0x6F,0x6F,0x6B,0x54,0x72,0x61,0x6D,0x70,0x6F,0x6C,0x69,0x6E,0x65,
0x3A,0x20,0x6C,0x65,0x6E,0x67,0x74,0x68,0x20,0x69,0x73,0x20,0x69,0x6E,0x76,0x61,
0x6C,0x69,0x64,0x2C,0x20,0x73,0x68,0x6F,0x75,0x6C,0x64,0x20,0x62,0x65,0x20,0x67,
0x72,0x65,0x61,0x74,0x65,0x72,0x20,0x74,0x68,0x61,0x6E,0x20,0x25,0x6C,0x6C,0x75,
0x0A,0x00,0xCC,0xCC,0xCC,0xCC,0xCC,0xCC,0xCC,0xCC,0xCC,0xCC,0xCC,0xCC,0xCC,0xCC,
0x5B,0x4B,0x75,0x72,0x61,0x73,0x61,0x67,0x69,0x5D,0x20,0x45,0x52,0x52,0x4F,0x52,
0x3A,0x20,0x47,0x65,0x74,0x4D,0x6F,0x64,0x75,0x6C,0x65,0x49,0x6E,0x66,0x6F,0x72,
0x6D,0x61,0x74,0x69,0x6F,0x6E,0x3A,0x20,0x5A,0x77,0x51,0x75,0x65,0x72,0x79,0x53,
0x79,0x73,0x74,0x65,0x6D,0x49,0x6E,0x66,0x6F,0x72,0x6D,0x61,0x74,0x69,0x6F,0x6E,
0x50,0x74,0x72,0x20,0x6E,0x6F,0x74,0x20,0x69,0x6E,0x69,0x74,0x69,0x61,0x6C,0x69,
0x7A,0x65,0x64,0x0A,0x00,0xCC,0xCC,0xCC,0xCC,0xCC,0xCC,0xCC,0xCC,0xCC,0xCC,0xCC,
0x5B,0x4B,0x75,0x72,0x61,0x73,0x61,0x67,0x69,0x5D,0x20,0x45,0x52,0x52,0x4F,0x52,
0x3A,0x20,0x47,0x65,0x74,0x4D,0x6F,0x64,0x75,0x6C,0x65,0x49,0x6E,0x66,0x6F,0x72,
0x6D,0x61,0x74,0x69,0x6F,0x6E,0x3A,0x20,0x41,0x6C,0x6C,0x6F,0x63,0x61,0x74,0x69,
0x6F,0x6E,0x20,0x46,0x61,0x69,0x6C,0x65,0x64,0x0A,0x00,0xCC,0xCC,0xCC,0xCC,0xCC,
0x5B,0x4B,0x75,0x72,0x61,0x73,0x61,0x67,0x69,0x5D,0x20,0x45,0x52,0x52,0x4F,0x52,
0x3A,0x20,0x47,0x65,0x74,0x4D,0x6F,0x64,0x75,0x6C,0x65,0x49,0x6E,0x66,0x6F,0x72,
0x6D,0x61,0x74,0x69,0x6F,0x6E,0x3A,0x20,0x53,0x65,0x63,0x6F,0x6E,0x64,0x20,0x5A,
0x77,0x51,0x75,0x65,0x72,0x79,0x20,0x46,0x61,0x69,0x6C,0x65,0x64,0x3A,0x20,0x25,
0x78,0x0A,0x00,0xCC,0xCC,0xCC,0xCC,0xCC,0xCC,0xCC,0xCC,0xCC,0xCC,0xCC,0xCC,0xCC,
0x5B,0x4B,0x75,0x72,0x61,0x73,0x61,0x67,0x69,0x5D,0x20,0x45,0x52,0x52,0x4F,0x52,
0x3A,0x20,0x47,0x65,0x74,0x4D,0x6F,0x64,0x75,0x6C,0x65,0x49,0x6E,0x66,0x6F,0x72,
0x6D,0x61,0x74,0x69,0x6F,0x6E,0x3A,0x20,0x4E,0x6F,0x74,0x20,0x46,0x6F,0x75,0x6E,
0x64,0x0A,0x00,0xCC,0xCC,0xCC,0xCC,0xCC,0xCC,0xCC,0xCC,0xCC,0xCC,0xCC,0xCC,0xCC,
0x5C,0x53,0x79,0x73,0x74,0x65,0x6D,0x52,0x6F,0x6F,0x74,0x5C,0x73,0x79,0x73,0x74,
0x65,0x6D,0x33,0x32,0x5C,0x6E,0x74,0x6F,0x73,0x6B,0x72,0x6E,0x6C,0x2E,0x65,0x78,
0x65,0x00,0xCC,0xCC,0xCC,0xCC,0xCC,0xCC,0xCC,0xCC,0xCC,0xCC,0xCC,0xCC,0xCC,0xCC,
0x5B,0x4B,0x75,0x72,0x61,0x73,0x61,0x67,0x69,0x5D,0x20,0x45,0x52,0x52,0x4F,0x52,
0x3A,0x20,0x47,0x65,0x74,0x4B,0x65,0x72,0x6E,0x65,0x6C,0x42,0x61,0x73,0x65,0x4E,
0x53,0x69,0x7A,0x65,0x3A,0x20,0x4E,0x6F,0x74,0x20,0x46,0x6F,0x75,0x6E,0x64,0x0A,
0x00,0xCC,0xCC,0xCC,0xCC,0xCC,0xCC,0xCC,0xCC,0xCC,0xCC,0xCC,0xCC,0xCC,0xCC,0xCC,
0x5B,0x4B,0x75,0x72,0x61,0x73,0x61,0x67,0x69,0x5D,0x20,0x45,0x52,0x52,0x4F,0x52,
0x3A,0x20,0x46,0x69,0x6E,0x64,0x50,0x65,0x53,0x65,0x63,0x74,0x69,0x6F,0x6E,0x42,
0x79,0x4E,0x61,0x6D,0x65,0x3A,0x20,0x49,0x6E,0x76,0x61,0x6C,0x69,0x64,0x20,0x50,
0x61,0x72,0x61,0x6D,0x65,0x74,0x65,0x72,0x0A,0x00,0xCC,0xCC,0xCC,0xCC,0xCC,0xCC,
0x5B,0x4B,0x75,0x72,0x61,0x73,0x61,0x67,0x69,0x5D,0x20,0x45,0x52,0x52,0x4F,0x52,
0x3A,0x20,0x46,0x69,0x6E,0x64,0x50,0x65,0x53,0x65,0x63,0x74,0x69,0x6F,0x6E,0x42,
0x79,0x4E,0x61,0x6D,0x65,0x3A,0x20,0x49,0x6E,0x76,0x61,0x6C,0x69,0x64,0x20,0x49,
0x6D,0x61,0x67,0x65,0x20,0x42,0x61,0x73,0x65,0x0A,0x00,0xCC,0xCC,0xCC,0xCC,0xCC,
0x5B,0x4B,0x75,0x72,0x61,0x73,0x61,0x67,0x69,0x5D,0x20,0x45,0x52,0x52,0x4F,0x52,
0x3A,0x20,0x46,0x69,0x6E,0x64,0x50,0x65,0x53,0x65,0x63,0x74,0x69,0x6F,0x6E,0x42,
0x79,0x4E,0x61,0x6D,0x65,0x3A,0x20,0x4E,0x6F,0x74,0x20,0x66,0x6F,0x75,0x6E,0x64,
0x20,0x73,0x65,0x63,0x74,0x69,0x6F,0x6E,0x0A,0x00,0xCC,0xCC,0xCC,0xCC,0xCC,0xCC,
0x5B,0x4B,0x75,0x72,0x61,0x73,0x61,0x67,0x69,0x5D,0x20,0x45,0x52,0x52,0x4F,0x52,
0x3A,0x20,0x50,0x61,0x74,0x74,0x65,0x72,0x6E,0x53,0x65,0x61,0x72,0x63,0x68,0x52,
0x61,0x6E,0x67,0x65,0x3A,0x20,0x49,0x6E,0x76,0x61,0x6C,0x69,0x64,0x20,0x50,0x61,
0x72,0x61,0x6D,0x65,0x74,0x65,0x72,0x0A,0x00,0xCC,0xCC,0xCC,0xCC,0xCC,0xCC,0xCC,
0x5B,0x4B,0x75,0x72,0x61,0x73,0x61,0x67,0x69,0x5D,0x20,0x45,0x52,0x52,0x4F,0x52,
0x3A,0x20,0x50,0x61,0x74,0x74,0x65,0x72,0x6E,0x53,0x65,0x61,0x72,0x63,0x68,0x52,
0x61,0x6E,0x67,0x65,0x3A,0x20,0x4E,0x6F,0x74,0x20,0x46,0x6F,0x75,0x6E,0x64,0x0A,
0x00,0xCC,0xCC,0xCC,0xCC,0xCC,0xCC,0xCC,0xCC,0xCC,0xCC,0xCC,0xCC,0xCC,0xCC,0xCC,
0x5B,0x4B,0x75,0x72,0x61,0x73,0x61,0x67,0x69,0x5D,0x20,0x45,0x52,0x52,0x4F,0x52,
0x3A,0x20,0x50,0x61,0x74,0x74,0x65,0x72,0x6E,0x53,0x65,0x61,0x72,0x63,0x68,0x4E,
0x74,0x4B,0x65,0x72,0x6E,0x65,0x6C,0x53,0x65,0x63,0x74,0x69,0x6F,0x6E,0x3A,0x20,
0x4B,0x65,0x72,0x6E,0x65,0x6C,0x20,0x42,0x61,0x73,0x65,0x20,0x6E,0x6F,0x74,0x20,
0x69,0x6E,0x69,0x74,0x69,0x61,0x6C,0x69,0x7A,0x65,0x64,0x0A,0x00,0x00,0x00,0x00,
0x00,0x00,0x00,0x00,0x00,0x00,0x00,0x00,0x00,0x00,0x00,0x00,0x00,0x00,0x00,0x00,
0x00,0x00,0x00,0x00,0x00,0x00,0x00,0x00,0x00,0x00,0x00,0x00,0x00,0x00,0x00,0x00,
0x00,0x00,0x00,0x00,0x00,0x00,0x00,0x00,0x00,0x00,0x00,0x00,0x00,0x00,0x00,0x00,
0x00,0x00,0x00,0x00,0x00,0x00,0x00,0x00,0x00,0x00,0x00,0x00,0x00,0x00,0x00,0x00,
0x00,0x00,0x00,0x00,0x00,0x00,0x00,0x00,0x00,0x00,0x00,0x00,0x00,0x00,0x00,0x00,
0x00,0x00,0x00,0x00,0x00,0x00,0x00,0x00,0x00,0x00,0x00,0x00,0x00,0x00,0x00,0x00,
0x00,0x00,0x00,0x00,0x00,0x00,0x00,0x00,0x00,0x00,0x00,0x00,0x00,0x00,0x00,0x00,
0x00,0x00,0x00,0x00,0x00,0x00,0x00,0x00,0x00,0x00,0x00,0x00,0x00,0x00,0x00,0x00,
0x00,0x00,0x00,0x00,0x00,0x00,0x00,0x00,0x00,0x00,0x00,0x00,0x00,0x00,0x00,0x00,
0x00,0x00,0x00,0x00,0x00,0x00,0x00,0x00,0x00,0x00,0x00,0x00,0x00,0x00,0x00,0x00,
0x00,0x00,0x00,0x00,0x00,0x00,0x00,0x00,0x00,0x00,0x00,0x00,0x00,0x00,0x00,0x00,
0x00,0x00,0x00,0x00,0x00,0x00,0x00,0x00,0x00,0x00,0x00,0x00,0x00,0x00,0x00,0x00,
0x00,0x00,0x00,0x00,0x00,0x00,0x00,0x00,0x00,0x00,0x00,0x00,0x00,0x00,0x00,0x00,
0x00,0x00,0x00,0x00,0x00,0x00,0x00,0x00,0x00,0x00,0x00,0x00,0x00,0x00,0x00,0x00,
0x00,0x00,0x00,0x00,0x00,0x00,0x00,0x00,0x00,0x00,0x00,0x00,0x00,0x00,0x00,0x00,
0x08,0xD2,0x00,0x00,0x00,0x00,0x00,0x00,0x24,0xD2,0x00,0x00,0x00,0x00,0x00,0x00,
0x3C,0xD2,0x00,0x00,0x00,0x00,0x00,0x00,0x58,0xD2,0x00,0x00,0x00,0x00,0x00,0x00,
0x7A,0xD2,0x00,0x00,0x00,0x00,0x00,0x00,0x86,0xD2,0x00,0x00,0x00,0x00,0x00,0x00,
0x98,0xD2,0x00,0x00,0x00,0x00,0x00,0x00,0xB0,0xD2,0x00,0x00,0x00,0x00,0x00,0x00,
0xC2,0xD2,0x00,0x00,0x00,0x00,0x00,0x00,0xDA,0xD2,0x00,0x00,0x00,0x00,0x00,0x00,
0xF0,0xD2,0x00,0x00,0x00,0x00,0x00,0x00,0x00,0xD3,0x00,0x00,0x00,0x00,0x00,0x00,
0x14,0xD3,0x00,0x00,0x00,0x00,0x00,0x00,0x2A,0xD3,0x00,0x00,0x00,0x00,0x00,0x00,
0x40,0xD3,0x00,0x00,0x00,0x00,0x00,0x00,0x58,0xD3,0x00,0x00,0x00,0x00,0x00,0x00,
0x72,0xD3,0x00,0x00,0x00,0x00,0x00,0x00,0x90,0xD3,0x00,0x00,0x00,0x00,0x00,0x00,
0xA8,0xD3,0x00,0x00,0x00,0x00,0x00,0x00,0xC4,0xD3,0x00,0x00,0x00,0x00,0x00,0x00,
0xDA,0xD3,0x00,0x00,0x00,0x00,0x00,0x00,0xEE,0xD3,0x00,0x00,0x00,0x00,0x00,0x00,
0xF8,0xD3,0x00,0x00,0x00,0x00,0x00,0x00,0x12,0xD4,0x00,0x00,0x00,0x00,0x00,0x00,
0x24,0xD4,0x00,0x00,0x00,0x00,0x00,0x00,0x3C,0xD4,0x00,0x00,0x00,0x00,0x00,0x00,
0x50,0xD4,0x00,0x00,0x00,0x00,0x00,0x00,0x68,0xD4,0x00,0x00,0x00,0x00,0x00,0x00,
0x7A,0xD4,0x00,0x00,0x00,0x00,0x00,0x00,0x8A,0xD4,0x00,0x00,0x00,0x00,0x00,0x00,
0x98,0xD4,0x00,0x00,0x00,0x00,0x00,0x00,0xB2,0xD4,0x00,0x00,0x00,0x00,0x00,0x00,
0xCA,0xD4,0x00,0x00,0x00,0x00,0x00,0x00,0xD8,0xD4,0x00,0x00,0x00,0x00,0x00,0x00,
0xE6,0xD4,0x00,0x00,0x00,0x00,0x00,0x00,0xFE,0xD4,0x00,0x00,0x00,0x00,0x00,0x00,
0x14,0xD5,0x00,0x00,0x00,0x00,0x00,0x00,0x22,0xD5,0x00,0x00,0x00,0x00,0x00,0x00,
0x30,0xD5,0x00,0x00,0x00,0x00,0x00,0x00,0x44,0xD5,0x00,0x00,0x00,0x00,0x00,0x00,
0x52,0xD5,0x00,0x00,0x00,0x00,0x00,0x00,0x6C,0xD5,0x00,0x00,0x00,0x00,0x00,0x00,
0x88,0xD5,0x00,0x00,0x00,0x00,0x00,0x00,0xA0,0xD5,0x00,0x00,0x00,0x00,0x00,0x00,
0xB4,0xD5,0x00,0x00,0x00,0x00,0x00,0x00,0xD4,0xD5,0x00,0x00,0x00,0x00,0x00,0x00,
0xF4,0xD5,0x00,0x00,0x00,0x00,0x00,0x00,0x08,0xD6,0x00,0x00,0x00,0x00,0x00,0x00,
0x1E,0xD6,0x00,0x00,0x00,0x00,0x00,0x00,0x3C,0xD6,0x00,0x00,0x00,0x00,0x00,0x00,
0x56,0xD6,0x00,0x00,0x00,0x00,0x00,0x00,0x62,0xD6,0x00,0x00,0x00,0x00,0x00,0x00,
0x78,0xD6,0x00,0x00,0x00,0x00,0x00,0x00,0x88,0xD6,0x00,0x00,0x00,0x00,0x00,0x00,
0xA4,0xD6,0x00,0x00,0x00,0x00,0x00,0x00,0xC4,0xD6,0x00,0x00,0x00,0x00,0x00,0x00,
0xDA,0xD6,0x00,0x00,0x00,0x00,0x00,0x00,0xEA,0xD6,0x00,0x00,0x00,0x00,0x00,0x00,
0xF6,0xD6,0x00,0x00,0x00,0x00,0x00,0x00,0x00,0x00,0x00,0x00,0x00,0x00,0x00,0x00,
0x50,0x47,0x00,0x40,0x01,0x00,0x00,0x00,0x20,0x49,0x00,0x40,0x01,0x00,0x00,0x00,
0x50,0x47,0x00,0x40,0x01,0x00,0x00,0x00,0x40,0x49,0x00,0x40,0x01,0x00,0x00,0x00,
0x40,0x49,0x00,0x40,0x01,0x00,0x00,0x00,0x00,0x00,0x00,0x00,0x00,0x00,0x00,0x00,
0x00,0x00,0x00,0x00,0x00,0x00,0x00,0x00,0x00,0x00,0x00,0x00,0x00,0x00,0x00,0x00,
0x00,0x00,0x00,0x00,0x00,0x00,0x00,0x00,0x00,0x00,0x00,0x00,0x00,0x00,0x00,0x00,
0x00,0x00,0x00,0x00,0x00,0x00,0x00,0x00,0x00,0x00,0x00,0x00,0x00,0x00,0x00,0x00,
0x00,0x00,0x00,0x00,0x00,0x00,0x00,0x00,0x00,0x00,0x00,0x00,0x00,0x00,0x00,0x00,
0x00,0x00,0x00,0x00,0x00,0x00,0x00,0x00,0x00,0x00,0x00,0x00,0x00,0x00,0x00,0x00,
0x00,0x00,0x00,0x00,0x00,0x00,0x00,0x00,0x00,0x00,0x00,0x00,0x00,0x00,0x00,0x00,
0x00,0x00,0x00,0x00,0x00,0x00,0x00,0x00,0x00,0x00,0x00,0x00,0x00,0x00,0x00,0x00,
0x00,0x00,0x00,0x00,0x00,0x00,0x00,0x00,0x00,0x00,0x00,0x00,0x00,0x00,0x00,0x00,
0x00,0x00,0x00,0x00,0x00,0x00,0x00,0x00,0x00,0x00,0x00,0x00,0x00,0x00,0x00,0x00,
0x00,0x00,0x00,0x00,0x00,0x00,0x00,0x00,0x00,0x00,0x00,0x00,0x00,0x00,0x00,0x00,
0x00,0x00,0x00,0x00,0x00,0x00,0x00,0x00,0x00,0x00,0x00,0x00,0x00,0x00,0x00,0x00,
0x00,0x00,0x00,0x00,0x00,0x00,0x00,0x00,0x00,0x00,0x00,0x00,0x00,0x00,0x00,0x00,
0x00,0x00,0x00,0x00,0x00,0x00,0x00,0x00,0x00,0x00,0x00,0x00,0x00,0x00,0x00,0x00,
0x00,0x00,0x00,0x00,0x00,0x00,0x00,0x00,0x00,0x00,0x00,0x00,0x00,0x00,0x00,0x00,
0x00,0x00,0x00,0x00,0x00,0x00,0x00,0x00,0x00,0x00,0x00,0x00,0x00,0x00,0x00,0x00,
0x00,0x00,0x00,0x00,0x00,0x00,0x00,0x00,0x00,0x00,0x00,0x00,0x00,0x00,0x00,0x00,
0x00,0x00,0x00,0x00,0x00,0x00,0x00,0x00,0x00,0x00,0x00,0x00,0x00,0x00,0x00,0x00,
0x00,0x00,0x00,0x00,0x00,0x00,0x00,0x00,0x00,0x00,0x00,0x00,0x00,0x00,0x00,0x00,
0x00,0x00,0x00,0x00,0x00,0x00,0x00,0x00,0x00,0x00,0x00,0x00,0x00,0x00,0x00,0x00,
0x00,0x00,0x00,0x00,0x00,0x00,0x00,0x00,0x00,0x00,0x00,0x00,0x00,0x00,0x00,0x00,
0x00,0x00,0x00,0x00,0x00,0x00,0x00,0x00,0x00,0x00,0x00,0x00,0x00,0x00,0x00,0x00,
0x00,0x11,0x00,0x00,0x30,0x12,0x00,0x00,0xA0,0x12,0x00,0x00,0x40,0x14,0x00,0x00,
0x80,0x14,0x00,0x00,0xC0,0x14,0x00,0x00,0x30,0x37,0x00,0x00,0x40,0x3A,0x00,0x00,
0xC0,0x3B,0x00,0x00,0xF0,0x3D,0x00,0x00,0x40,0x47,0x00,0x00,0x50,0x47,0x00,0x00,
0x20,0x48,0x00,0x00,0xC0,0x4A,0x00,0x00,0x40,0x4B,0x00,0x00,0x40,0x81,0x00,0x00,
0x48,0x81,0x00,0x00,0x50,0x81,0x00,0x00,0x00,0x00,0x00,0x00,0x00,0x00,0x00,0x00,
0x5C,0x00,0x44,0x00,0x72,0x00,0x69,0x00,0x76,0x00,0x65,0x00,0x72,0x00,0x5C,0x00,
0x4C,0x00,0x6F,0x00,0x6E,0x00,0x67,0x00,0x73,0x00,0x44,0x00,0x72,0x00,0x69,0x00,
0x76,0x00,0x65,0x00,0x72,0x00,0x5F,0x00,0x00,0x00,0x00,0x00,0x00,0x00,0x00,0x00,
0x48,0x89,0x5C,0x24,0x00,0x48,0x89,0x6C,0x24,0x00,0x48,0x89,0x74,0x24,0x00,0x57,
0x41,0x54,0x41,0x55,0x41,0x56,0x41,0x57,0x48,0x83,0xEC,0x00,0x48,0x8B,0xF2,0xE8,
0x78,0x78,0x78,0x78,0x3F,0x78,0x78,0x78,0x78,0x3F,0x78,0x78,0x78,0x78,0x3F,0x78,
0x78,0x78,0x78,0x78,0x78,0x78,0x78,0x78,0x78,0x78,0x78,0x3F,0x78,0x78,0x78,0x78,
0x00,0x00,0x00,0x00,0x00,0x00,0x00,0x00,0x48,0x89,0x5C,0x24,0x00,0x55,0x56,0x57,
0x41,0x54,0x41,0x55,0x41,0x56,0x41,0x57,0x48,0x83,0xEC,0x00,0x48,0x8B,0xF1,0xE8,
0x78,0x78,0x78,0x78,0x3F,0x78,0x78,0x78,0x78,0x78,0x78,0x78,0x78,0x78,0x78,0x78,
0x78,0x78,0x78,0x3F,0x78,0x78,0x78,0x78,0x00,0x00,0x00,0x00,0x33,0xC0,0x8B,0xD8,
0x8B,0xF8,0x00,0x00,0x78,0x78,0x78,0x78,0x78,0x78,0x00,0x00,0x00,0x00,0x00,0x00,
0x48,0x8B,0xC4,0x48,0x89,0x58,0x00,0x48,0x89,0x70,0x00,0x48,0x89,0x78,0x00,0x48,
0x89,0x50,0x00,0x41,0x56,0x48,0x81,0xEC,0x00,0x00,0x00,0x00,0x48,0x89,0xA4,0x24,
0x00,0x00,0x00,0x00,0x4D,0x8B,0xF1,0x49,0x8B,0xF0,0x48,0x8B,0xDA,0x48,0x8B,0xF9,
0x33,0xD2,0x44,0x8D,0x42,0x00,0x48,0x8D,0x88,0x00,0x00,0x00,0x00,0xE8,0x00,0x00,
0x00,0x00,0x48,0x8B,0xC3,0x48,0xC1,0xF8,0x00,0x48,0xFF,0xC0,0x48,0x83,0xF8,0x00,
0x0F,0x87,0x00,0x00,0x00,0x00,0x00,0x00,0x00,0x00,0x00,0x00,0x00,0x00,0x00,0x00,
0x78,0x78,0x78,0x78,0x78,0x78,0x3F,0x78,0x78,0x78,0x3F,0x78,0x78,0x78,0x3F,0x78,
0x78,0x78,0x3F,0x78,0x78,0x78,0x78,0x78,0x3F,0x3F,0x3F,0x3F,0x78,0x78,0x78,0x78,
0x3F,0x3F,0x3F,0x3F,0x78,0x78,0x78,0x78,0x78,0x78,0x78,0x78,0x78,0x78,0x78,0x78,
0x78,0x78,0x78,0x78,0x78,0x3F,0x78,0x78,0x78,0x3F,0x3F,0x3F,0x3F,0x78,0x3F,0x3F,
0x3F,0x3F,0x78,0x78,0x78,0x78,0x78,0x78,0x3F,0x78,0x78,0x78,0x78,0x78,0x78,0x3F,
0x78,0x78,0x00,0x00,0x00,0x00,0x00,0x00,0x85,0xC0,0x0F,0x8D,0x00,0x00,0x00,0x00,
0xF6,0x85,0x00,0x00,0x00,0x00,0x00,0x00,0x78,0x78,0x78,0x78,0x3F,0x3F,0x3F,0x3F,
0x78,0x78,0x00,0x00,0x00,0x00,0x00,0x00,0x40,0x55,0x53,0x56,0x41,0x55,0x41,0x56,
0x41,0x57,0x00,0x00,0x00,0x00,0x00,0x00,0x78,0x78,0x78,0x78,0x78,0x78,0x78,0x78,
0x78,0x78,0x00,0x00,0x00,0x00,0x00,0x00,0x48,0x89,0x4C,0x24,0x00,0x55,0x53,0x56,
0x57,0x41,0x54,0x41,0x55,0x41,0x56,0x41,0x57,0x48,0x8D,0x6C,0x24,0x00,0x48,0x81,
0xEC,0x00,0x00,0x00,0x00,0x48,0x8B,0x3D,0x78,0x78,0x78,0x78,0x3F,0x78,0x78,0x78,
0x78,0x78,0x78,0x78,0x78,0x78,0x78,0x78,0x78,0x78,0x78,0x78,0x78,0x3F,0x78,0x78,
0x78,0x3F,0x3F,0x3F,0x3F,0x78,0x78,0x78,0x00,0x00,0x00,0x00,0x00,0x00,0x00,0x00,
0x48,0x8B,0x05,0x00,0x00,0x00,0x00,0x49,0x8B,0xEE,0x48,0x33,0x2D,0x00,0x00,0x00,
0x78,0x78,0x78,0x3F,0x3F,0x3F,0x3F,0x78,0x78,0x78,0x78,0x78,0x78,0x00,0x00,0x00,
0x48,0x33,0x2D,0x00,0x00,0x00,0x00,0x45,0x0F,0xB6,0xE1,0x00,0x00,0x00,0x00,0x00,
0x78,0x78,0x78,0x3F,0x3F,0x3F,0x3F,0x78,0x78,0x78,0x78,0x00,0x00,0x00,0x00,0x00,
0x48,0x8B,0x3D,0x00,0x00,0x00,0x00,0x4C,0x8B,0xE9,0x00,0x00,0x00,0x00,0x00,0x00,
0x78,0x78,0x78,0x3F,0x3F,0x3F,0x3F,0x78,0x78,0x78,0x00,0x00,0x00,0x00,0x00,0x00,
0x48,0x8D,0x0D,0x00,0x00,0x00,0x00,0xE8,0x00,0x00,0x00,0x00,0x90,0x66,0x83,0x83,
0x00,0x00,0x00,0x00,0x00,0x75,0x00,0x48,0x8D,0x8B,0x00,0x00,0x00,0x00,0x00,0x00,
0x78,0x78,0x78,0x3F,0x3F,0x3F,0x3F,0x78,0x3F,0x3F,0x3F,0x3F,0x78,0x78,0x78,0x78,
0x3F,0x3F,0x3F,0x3F,0x3F,0x78,0x3F,0x78,0x78,0x78,0x00,0x00,0x00,0x00,0x00,0x00,
0x48,0x8D,0x0D,0x00,0x00,0x00,0x00,0x45,0x33,0xC0,0x89,0x05,0x00,0x00,0x00,0x00,
0x78,0x78,0x78,0x3F,0x3F,0x3F,0x3F,0x78,0x78,0x78,0x78,0x78,0x00,0x00,0x00,0x00,
0x48,0x8B,0x05,0x00,0x00,0x00,0x00,0x48,0xC1,0xEB,0x00,0x48,0x8D,0x49,0x00,0x49,
0x23,0xD8,0x48,0x03,0xD8,0x48,0x83,0xEA,0x00,0x75,0x00,0x45,0x33,0xC9,0x8B,0xD6,
0x44,0x8B,0xC2,0x00,0x00,0x00,0x00,0x00,0x78,0x78,0x78,0x3F,0x3F,0x3F,0x3F,0x78,
0x78,0x78,0x3F,0x78,0x78,0x78,0x3F,0x78,0x78,0x78,0x78,0x78,0x78,0x78,0x78,0x78,
0x3F,0x78,0x3F,0x78,0x78,0x78,0x78,0x78,0x78,0x78,0x78,0x00,0x00,0x00,0x00,0x00,
0x2E,0x74,0x65,0x78,0x74,0x00,0x00,0x00,0x00,0x00,0x00,0x00,0x00,0x00,0x00,0x00,
0x50,0x41,0x47,0x45,0x00,0x00,0x00,0x00,0x00,0x00,0x00,0x00,0x00,0x00,0x00,0x00,
0x48,0x01,0x00,0x00,0x00,0x00,0x00,0x00,0x00,0x00,0x00,0x00,0x00,0x00,0x00,0x00,
0x00,0x00,0x00,0x00,0x00,0x00,0x00,0x00,0x00,0x00,0x00,0x00,0x00,0x00,0x00,0x00,
0x00,0x00,0x00,0x00,0x00,0x00,0x00,0x00,0x00,0x00,0x00,0x00,0x00,0x00,0x00,0x00,
0x00,0x00,0x00,0x00,0x00,0x00,0x00,0x00,0x00,0x00,0x00,0x00,0x00,0x00,0x00,0x00,
0x00,0x00,0x00,0x00,0x00,0x00,0x00,0x00,0x00,0x00,0x00,0x00,0x00,0x00,0x00,0x00,
0x00,0x00,0x00,0x00,0x00,0x00,0x00,0x00,0x10,0x90,0x00,0x40,0x01,0x00,0x00,0x00,
0x00,0x00,0x00,0x00,0x00,0x00,0x00,0x00,0x00,0x00,0x00,0x00,0x00,0x00,0x00,0x00,
0xE0,0x81,0x00,0x40,0x01,0x00,0x00,0x00,0xE8,0x81,0x00,0x40,0x01,0x00,0x00,0x00,
0x60,0x83,0x00,0x40,0x01,0x00,0x00,0x00,0x0F,0x00,0x00,0x00,0x00,0x00,0x00,0x00,
0x00,0x45,0x01,0x00,0x00,0x00,0x00,0x00,0x00,0x00,0x00,0x00,0x00,0x00,0x00,0x00,
0x9C,0x83,0x00,0x40,0x01,0x00,0x00,0x00,0x03,0x00,0x00,0x00,0x00,0x00,0x00,0x00,
0x00,0x00,0x00,0x00,0x00,0x00,0x00,0x00,0x00,0x00,0x00,0x00,0x00,0x00,0x00,0x00,
0x00,0x00,0x00,0x00,0x00,0x00,0x00,0x00,0x00,0x00,0x00,0x00,0x00,0x00,0x00,0x00,
0x00,0x00,0x00,0x00,0x00,0x00,0x00,0x00,0x00,0x00,0x00,0x00,0x00,0x00,0x00,0x00,
0x00,0x00,0x00,0x00,0x00,0x00,0x00,0x00,0x00,0x00,0x00,0x00,0x00,0x00,0x00,0x00,
0x00,0x00,0x00,0x00,0x00,0x00,0x00,0x00,0x00,0x00,0x00,0x00,0x00,0x00,0x00,0x00,
0x00,0x00,0x00,0x00,0x00,0x00,0x00,0x00,0x00,0x00,0x00,0x00,0x00,0x00,0x00,0x00,
0x00,0x00,0x00,0x00,0x00,0x00,0x00,0x00,0xF0,0x81,0x00,0x40,0x01,0x00,0x00,0x00,
0xF8,0x81,0x00,0x40,0x01,0x00,0x00,0x00,0x00,0x82,0x00,0x40,0x01,0x00,0x00,0x00,
0x08,0x82,0x00,0x40,0x01,0x00,0x00,0x00,0x00,0x00,0x00,0x00,0x00,0x00,0x00,0x00,
0x10,0x82,0x00,0x40,0x01,0x00,0x00,0x00,0x00,0x00,0x00,0x00,0x3C,0x9F,0xAE,0x6A,
0x00,0x00,0x00,0x00,0x02,0x00,0x00,0x00,0x46,0x00,0x00,0x00,0x80,0x88,0x00,0x00,
0x80,0x6E,0x00,0x00,0x00,0x00,0x00,0x00,0x3C,0x9F,0xAE,0x6A,0x00,0x00,0x00,0x00,
0x0D,0x00,0x00,0x00,0x5C,0x01,0x00,0x00,0xC8,0x88,0x00,0x00,0xC8,0x6E,0x00,0x00,
0x00,0x00,0x00,0x00,0x00,0x00,0x00,0x00,0x00,0x00,0x00,0x00,0x00,0x00,0x00,0x00,
0x00,0x00,0x00,0x00,0x00,0x00,0x00,0x00,0x00,0x00,0x00,0x00,0x00,0x00,0x00,0x00,
0x52,0x53,0x44,0x53,0x8D,0xE4,0x14,0x9C,0x1C,0xA8,0xB7,0x48,0x8C,0x78,0x4B,0x29,
0x3E,0xD1,0x7A,0x8D,0x02,0x00,0x00,0x00,0x44,0x3A,0x5C,0x50,0x4A,0x5C,0x4B,0x4D,
0x44,0x46,0x20,0x44,0x72,0x69,0x76,0x65,0x72,0x5C,0x78,0x36,0x34,0x5C,0x52,0x65,
0x6C,0x65,0x61,0x73,0x65,0x5C,0x4C,0x6F,0x6E,0x67,0x73,0x44,0x72,0x69,0x76,0x65,
0x72,0x2E,0x70,0x64,0x62,0x00,0x00,0x00,0x00,0x00,0x00,0x00,0x00,0x10,0x00,0x00,
0xE0,0x38,0x00,0x00,0x2E,0x74,0x65,0x78,0x74,0x24,0x6D,0x6E,0x00,0x00,0x00,0x00,
0xE0,0x48,0x00,0x00,0xA0,0x00,0x00,0x00,0x2E,0x74,0x65,0x78,0x74,0x24,0x6D,0x6E,
0x24,0x30,0x30,0x00,0x80,0x49,0x00,0x00,0xB0,0x05,0x00,0x00,0x2E,0x74,0x65,0x78,
0x74,0x24,0x6D,0x6E,0x24,0x32,0x31,0x00,0x30,0x4F,0x00,0x00,0xDD,0x21,0x00,0x00,
0x2E,0x74,0x65,0x78,0x74,0x24,0x73,0x00,0x00,0x80,0x00,0x00,0xE0,0x01,0x00,0x00,
0x2E,0x69,0x64,0x61,0x74,0x61,0x24,0x35,0x00,0x00,0x00,0x00,0xE0,0x81,0x00,0x00,
0x80,0x01,0x00,0x00,0x2E,0x30,0x30,0x63,0x66,0x67,0x00,0x00,0x60,0x83,0x00,0x00,
0x3C,0x00,0x00,0x00,0x2E,0x67,0x66,0x69,0x64,0x73,0x00,0x00,0x9C,0x83,0x00,0x00,
0x14,0x00,0x00,0x00,0x2E,0x67,0x69,0x61,0x74,0x73,0x00,0x00,0xB0,0x83,0x00,0x00,
0xD0,0x04,0x00,0x00,0x2E,0x72,0x64,0x61,0x74,0x61,0x00,0x00,0x80,0x88,0x00,0x00,
0xD0,0x01,0x00,0x00,0x2E,0x72,0x64,0x61,0x74,0x61,0x24,0x7A,0x7A,0x7A,0x64,0x62,
0x67,0x00,0x00,0x00,0x50,0x8A,0x00,0x00,0x74,0x04,0x00,0x00,0x2E,0x78,0x64,0x61,
0x74,0x61,0x00,0x00,0x00,0x90,0x00,0x00,0x80,0x00,0x00,0x00,0x2E,0x64,0x61,0x74,
0x61,0x00,0x00,0x00,0x80,0x90,0x00,0x00,0x50,0x11,0x00,0x00,0x2E,0x62,0x73,0x73,
0x00,0x00,0x00,0x00,0x00,0xB0,0x00,0x00,0x84,0x03,0x00,0x00,0x2E,0x70,0x64,0x61,
0x74,0x61,0x00,0x00,0x00,0xC0,0x00,0x00,0x01,0x00,0x00,0x00,0x2E,0x65,0x6E,0x64,
0x73,0x65,0x63,0x00,0x00,0xD0,0x00,0x00,0x14,0x00,0x00,0x00,0x2E,0x69,0x64,0x61,
0x74,0x61,0x24,0x32,0x00,0x00,0x00,0x00,0x14,0xD0,0x00,0x00,0x14,0x00,0x00,0x00,
0x2E,0x69,0x64,0x61,0x74,0x61,0x24,0x33,0x00,0x00,0x00,0x00,0x28,0xD0,0x00,0x00,
0xE0,0x01,0x00,0x00,0x2E,0x69,0x64,0x61,0x74,0x61,0x24,0x34,0x00,0x00,0x00,0x00,
0x08,0xD2,0x00,0x00,0x06,0x05,0x00,0x00,0x2E,0x69,0x64,0x61,0x74,0x61,0x24,0x36,
0x00,0x00,0x00,0x00,0x00,0x00,0x00,0x00,0x00,0x00,0x00,0x00,0x00,0x00,0x00,0x00,
0x00,0x00,0x00,0x00,0x00,0x00,0x00,0x00,0x00,0x00,0x00,0x00,0x00,0x00,0x00,0x00,
0x00,0x00,0x00,0x00,0x00,0x00,0x00,0x00,0x00,0x00,0x00,0x00,0x00,0x00,0x00,0x00,
0x02,0x04,0x03,0x00,0x01,0x16,0x00,0x06,0x04,0x62,0x00,0x00,0x02,0x0A,0x06,0x00,
0x02,0x16,0x00,0x06,0x0A,0x34,0x0E,0x00,0x0A,0xB2,0x06,0x70,0x1A,0x1E,0x08,0x00,
0x02,0x16,0x00,0x06,0x0F,0x64,0x10,0x00,0x0F,0x34,0x0F,0x00,0x0F,0xB2,0x0B,0x70,
0x68,0x47,0x00,0x00,0x50,0x00,0x00,0x00,0x1A,0x24,0x09,0x00,0x02,0x16,0x00,0x06,
0x12,0x64,0x1D,0x00,0x12,0x34,0x1C,0x00,0x12,0x01,0x1A,0x00,0x0B,0x70,0x00,0x00,
0x68,0x47,0x00,0x00,0xC0,0x00,0x00,0x00,0x02,0x06,0x04,0x00,0x02,0x16,0x00,0x06,
0x06,0x32,0x02,0x30,0x02,0x1D,0x0E,0x00,0x07,0x16,0x00,0x06,0x1D,0x74,0x0B,0x00,
0x1D,0x64,0x0A,0x00,0x1D,0x54,0x09,0x00,0x1D,0x34,0x08,0x00,0x1D,0x32,0x19,0xF0,
0x17,0xE0,0x15,0xD0,0x1A,0x1B,0x05,0x00,0x02,0x16,0x00,0x06,0x09,0x01,0x2A,0x00,
0x02,0x30,0x00,0x00,0x68,0x47,0x00,0x00,0x40,0x01,0x00,0x00,0x02,0x04,0x03,0x00,
0x01,0x16,0x00,0x06,0x04,0x42,0x00,0x00,0x02,0x0F,0x08,0x00,0x06,0x16,0x00,0x06,
0x0F,0x64,0x07,0x00,0x0F,0x34,0x06,0x00,0x0F,0x32,0x0B,0x70,0x0A,0x17,0x0A,0x00,
0x06,0x16,0x00,0x06,0x17,0x64,0x0B,0x00,0x17,0x34,0x0A,0x00,0x17,0x32,0x13,0xF0,
0x11,0xE0,0x0F,0x70,0xF0,0x47,0x00,0x00,0x02,0x00,0x00,0x00,0xCA,0x1A,0x00,0x00,
0xED,0x1A,0x00,0x00,0x01,0x00,0x00,0x00,0x07,0x1B,0x00,0x00,0x00,0x1B,0x00,0x00,
0x07,0x1B,0x00,0x00,0x01,0x00,0x00,0x00,0x07,0x1B,0x00,0x00,0x0A,0x11,0x08,0x00,
0x05,0x16,0x00,0x06,0x11,0x34,0x0B,0x00,0x11,0x32,0x0D,0xE0,0x0B,0x70,0x0A,0x60,
0xF0,0x47,0x00,0x00,0x01,0x00,0x00,0x00,0x83,0x1D,0x00,0x00,0xA3,0x1D,0x00,0x00,
0x01,0x00,0x00,0x00,0xA3,0x1D,0x00,0x00,0x02,0x0A,0x06,0x00,0x02,0x06,0x2E,0x06,
0x0A,0x34,0x06,0x00,0x0A,0x32,0x06,0x70,0x0A,0x17,0x0A,0x00,0x06,0x16,0x00,0x06,
0x17,0x64,0x0B,0x00,0x17,0x34,0x0A,0x00,0x17,0x32,0x13,0xF0,0x11,0xE0,0x0F,0x70,
0xF0,0x47,0x00,0x00,0x02,0x00,0x00,0x00,0x80,0x20,0x00,0x00,0xA3,0x20,0x00,0x00,
0x01,0x00,0x00,0x00,0xBD,0x20,0x00,0x00,0xB6,0x20,0x00,0x00,0xBD,0x20,0x00,0x00,
0x01,0x00,0x00,0x00,0xBD,0x20,0x00,0x00,0x0A,0x11,0x08,0x00,0x05,0x16,0x00,0x06,
0x11,0x34,0x0A,0x00,0x11,0x32,0x0D,0xE0,0x0B,0x70,0x0A,0x60,0xF0,0x47,0x00,0x00,
0x01,0x00,0x00,0x00,0x01,0x23,0x00,0x00,0x21,0x23,0x00,0x00,0x01,0x00,0x00,0x00,
0x21,0x23,0x00,0x00,0x02,0x07,0x03,0x00,0x01,0x16,0x00,0x06,0x07,0x42,0x00,0x00,
0x02,0x12,0x0A,0x00,0x0B,0x16,0x00,0x06,0x12,0x52,0x0B,0xF0,0x09,0xE0,0x07,0xC0,
0x05,0x70,0x04,0x60,0x03,0x30,0x02,0x50,0x02,0x18,0x0C,0x00,0x06,0x06,0x0A,0x06,
0x18,0x64,0x0A,0x00,0x18,0x54,0x09,0x00,0x18,0x34,0x08,0x00,0x18,0x32,0x14,0xF0,
0x12,0xE0,0x10,0x70,0x1A,0x25,0x09,0x00,0x02,0x16,0x00,0x06,0x17,0x74,0x1A,0x00,
0x17,0x34,0x19,0x00,0x17,0x01,0x16,0x00,0x0B,0x50,0x00,0x00,0x68,0x47,0x00,0x00,
0xA0,0x00,0x00,0x00,0x02,0x0A,0x04,0x00,0x02,0x16,0x00,0x06,0x0A,0x32,0x06,0x30,
0x02,0x0A,0x06,0x00,0x02,0x16,0x00,0x06,0x0A,0x34,0x06,0x00,0x0A,0x32,0x06,0x70,
0x02,0x14,0x09,0x00,0x04,0x16,0x00,0x06,0x14,0x34,0x1C,0x00,0x14,0x01,0x18,0x00,
0x08,0x70,0x07,0x60,0x06,0x50,0x00,0x00,0x1A,0x28,0x0B,0x00,0x05,0x16,0x00,0x06,
0x1A,0x64,0x21,0x00,0x1A,0x34,0x20,0x00,0x1A,0x01,0x1A,0x00,0x0E,0xE0,0x0C,0x70,
0x0B,0x50,0x00,0x00,0x68,0x47,0x00,0x00,0xC8,0x00,0x00,0x00,0x1A,0x2A,0x0D,0x00,
0x0C,0x06,0x05,0x26,0x1C,0x34,0x1C,0x00,0x1C,0x01,0x12,0x00,0x10,0xF0,0x0E,0xE0,
0x0C,0xD0,0x0A,0xC0,0x08,0x70,0x07,0x60,0x06,0x50,0x00,0x00,0x68,0x47,0x00,0x00,
0x80,0x00,0x00,0x00,0x02,0x0F,0x08,0x00,0x02,0x06,0x08,0x06,0x0F,0x64,0x07,0x00,
0x0F,0x34,0x06,0x00,0x0F,0x32,0x0B,0x70,0x02,0x1C,0x0E,0x00,0x0A,0x16,0x00,0x06,
0x1C,0x64,0x12,0x00,0x1C,0x54,0x11,0x00,0x1C,0x34,0x10,0x00,0x1C,0x92,0x18,0xF0,
0x16,0xE0,0x14,0xD0,0x12,0xC0,0x10,0x70,0x02,0x1A,0x0B,0x00,0x0D,0x16,0x00,0x06,
0x1A,0x62,0x16,0xF0,0x14,0xE0,0x12,0xD0,0x10,0xC0,0x0E,0x70,0x0D,0x60,0x0C,0x50,
0x0B,0x30,0x00,0x00,0x02,0x13,0x07,0x00,0x06,0x16,0x00,0x06,0x13,0x42,0x0F,0xE0,
0x0D,0x70,0x0C,0x60,0x0B,0x30,0x00,0x00,0x02,0x0E,0x08,0x00,0x07,0x16,0x00,0x06,
0x0E,0x72,0x07,0xE0,0x05,0x70,0x04,0x60,0x03,0x30,0x02,0x50,0x02,0x19,0x0C,0x00,
0x03,0x16,0x00,0x06,0x19,0x74,0x0B,0x00,0x19,0x64,0x0A,0x00,0x19,0x54,0x09,0x00,
0x19,0x34,0x08,0x00,0x19,0x52,0x15,0xE0,0x02,0x18,0x0C,0x00,0x06,0x06,0x73,0x16,
0x18,0x64,0x0A,0x00,0x18,0x54,0x09,0x00,0x18,0x34,0x08,0x00,0x18,0x32,0x14,0xF0,
0x12,0xE0,0x10,0x70,0x02,0x14,0x0A,0x00,0x02,0x16,0x00,0x06,0x14,0x64,0x0A,0x00,
0x14,0x54,0x09,0x00,0x14,0x34,0x08,0x00,0x14,0x52,0x10,0x70,0x02,0x06,0x04,0x00,
0x02,0x16,0x00,0x06,0x06,0x52,0x02,0x30,0x02,0x18,0x0C,0x00,0x06,0x16,0x00,0x06,
0x18,0x64,0x0A,0x00,0x18,0x54,0x09,0x00,0x18,0x34,0x08,0x00,0x18,0x32,0x14,0xF0,
0x12,0xE0,0x10,0x70,0x02,0x1D,0x0E,0x00,0x07,0x16,0x00,0x06,0x1D,0x74,0x0B,0x00,
0x1D,0x64,0x0A,0x00,0x1D,0x54,0x09,0x00,0x1D,0x34,0x08,0x00,0x1D,0x32,0x19,0xF0,
0x17,0xE0,0x15,0xC0,0x0A,0x13,0x0A,0x00,0x06,0x16,0x00,0x06,0x13,0x64,0x0D,0x00,
0x13,0x34,0x0C,0x00,0x13,0x72,0x0F,0xF0,0x0D,0xE0,0x0B,0x70,0xF0,0x47,0x00,0x00,
0x01,0x00,0x00,0x00,0x6F,0x46,0x00,0x00,0xE2,0x46,0x00,0x00,0x01,0x00,0x00,0x00,
0xE2,0x46,0x00,0x00,0x02,0x15,0x0A,0x00,0x05,0x06,0x89,0x06,0x15,0x64,0x0B,0x00,
0x15,0x34,0x0A,0x00,0x15,0x52,0x0E,0xE0,0x0C,0x70,0x0B,0x50,0x02,0x12,0x0A,0x00,
0x05,0x06,0x74,0x06,0x12,0x54,0x0B,0x00,0x12,0x34,0x0A,0x00,0x12,0x52,0x0E,0xE0,
0x0C,0x70,0x0B,0x60,0x02,0x0D,0x07,0x00,0x02,0x16,0x00,0x06,0x0D,0x34,0x2C,0x00,
0x0D,0x01,0x2A,0x00,0x06,0x70,0x00,0x00,0x02,0x0F,0x08,0x00,0x02,0x16,0x00,0x06,
0x0F,0x64,0x07,0x00,0x0F,0x34,0x06,0x00,0x0F,0x32,0x0B,0x70,0x00,0x00,0x00,0x00,
0x01,0x00,0x00,0x00,0x00,0x00,0x00,0x00,0x01,0x00,0x00,0x00,0x00,0x00,0x00,0x00,
0x02,0x04,0x03,0x00,0x01,0x06,0x02,0x06,0x04,0x42,0x00,0x00,0x00,0x00,0x00,0x00,
0x02,0x01,0x03,0x00,0x02,0x06,0x09,0x06,0x01,0x70,0x00,0x00,0x00,0x00,0x00,0x00,
0x02,0x0B,0x08,0x00,0x08,0x16,0x00,0x06,0x0B,0x52,0x07,0x00,0x06,0x10,0x05,0x20,
0x04,0x80,0x02,0x90,0x00,0x00,0x00,0x00,0x02,0x06,0x04,0x00,0x02,0x06,0x03,0x06,
0x06,0x12,0x02,0x30,0x00,0x00,0x00,0x00,0x00,0x00,0x00,0x00,0x00,0x00,0x00,0x00,
0x00,0x00,0x00,0x00,0x00,0x00,0x00,0x00,0x00,0x00,0x00,0x00,0x00,0x00,0x00,0x00,
0x00,0x00,0x00,0x00,0x00,0x00,0x00,0x00,0x00,0x00,0x00,0x00,0x00,0x00,0x00,0x00,
0x00,0x00,0x00,0x00,0x00,0x00,0x00,0x00,0x00,0x00,0x00,0x00,0x00,0x00,0x00,0x00,
0x00,0x00,0x00,0x00,0x00,0x00,0x00,0x00,0x00,0x00,0x00,0x00,0x00,0x00,0x00,0x00,
0x00,0x00,0x00,0x00,0x00,0x00,0x00,0x00,0x00,0x00,0x00,0x00,0x00,0x00,0x00,0x00,
0x00,0x00,0x00,0x00,0x00,0x00,0x00,0x00,0x00,0x00,0x00,0x00,0x00,0x00,0x00,0x00,
0x00,0x00,0x00,0x00,0x00,0x00,0x00,0x00,0x00,0x00,0x00,0x00,0x00,0x00,0x00,0x00,
0x00,0x00,0x00,0x00,0x00,0x00,0x00,0x00,0x00,0x00,0x00,0x00,0x00,0x00,0x00,0x00,
0x00,0x00,0x00,0x00,0x00,0x00,0x00,0x00,0x00,0x00,0x00,0x00,0x00,0x00,0x00,0x00,
0x00,0x00,0x00,0x00,0x00,0x00,0x00,0x00,0x00,0x00,0x00,0x00,0x00,0x00,0x00,0x00,
0x00,0x00,0x00,0x00,0x00,0x00,0x00,0x00,0x00,0x00,0x00,0x00,0x00,0x00,0x00,0x00,
0x00,0x00,0x00,0x00,0x00,0x00,0x00,0x00,0x00,0x00,0x00,0x00,0x00,0x00,0x00,0x00,
0x00,0x00,0x00,0x00,0x00,0x00,0x00,0x00,0x00,0x00,0x00,0x00,0x00,0x00,0x00,0x00,
0x00,0x00,0x00,0x00,0x00,0x00,0x00,0x00,0x00,0x00,0x00,0x00,0x00,0x00,0x00,0x00,
0x00,0x00,0x00,0x00,0x00,0x00,0x00,0x00,0x00,0x00,0x00,0x00,0x00,0x00,0x00,0x00,
0x00,0x00,0x00,0x00,0x00,0x00,0x00,0x00,0x00,0x00,0x00,0x00,0x00,0x00,0x00,0x00,
0x00,0x00,0x00,0x00,0x00,0x00,0x00,0x00,0x00,0x00,0x00,0x00,0x00,0x00,0x00,0x00,
0x00,0x00,0x00,0x00,0x00,0x00,0x00,0x00,0x00,0x00,0x00,0x00,0x00,0x00,0x00,0x00,
0x00,0x00,0x00,0x00,0x00,0x00,0x00,0x00,0x00,0x00,0x00,0x00,0x00,0x00,0x00,0x00,
0x30,0x37,0x00,0x40,0x01,0x00,0x00,0x00,0x00,0x00,0x00,0x00,0x00,0x00,0x00,0x00,
0x32,0xA2,0xDF,0x2D,0x99,0x2B,0x00,0x00,0x00,0x00,0x00,0x00,0x00,0x00,0x00,0x00,
0x00,0x00,0x00,0x00,0x00,0x00,0x00,0x00,0x00,0x00,0x00,0x00,0x00,0x00,0x00,0x00,
0x00,0x00,0x00,0x00,0x00,0x00,0x00,0x00,0x00,0x00,0x00,0x00,0x00,0x00,0x00,0x00,
0x02,0x00,0x00,0x00,0x00,0x00,0x00,0x00,0x00,0x00,0x00,0x00,0x00,0x00,0x00,0x00,
0x00,0x00,0x00,0x00,0x00,0x00,0x00,0x00,0x00,0x00,0x00,0x00,0x00,0x00,0x00,0x00,
0x00,0x00,0x00,0x00,0x00,0x00,0x00,0x00,0x00,0x00,0x00,0x00,0x00,0x00,0x00,0x00,
0x00,0x00,0x00,0x00,0x00,0x00,0x00,0x00,0x00,0x00,0x00,0x00,0x00,0x00,0x00,0x00,
0x00,0x00,0x00,0x00,0x00,0x00,0x00,0x00,0x00,0x00,0x00,0x00,0x00,0x00,0x00,0x00,
0x00,0x00,0x00,0x00,0x00,0x00,0x00,0x00,0x00,0x00,0x00,0x00,0x00,0x00,0x00,0x00,
0x00,0x00,0x00,0x00,0x00,0x00,0x00,0x00,0x00,0x00,0x00,0x00,0x00,0x00,0x00,0x00,
0x00,0x00,0x00,0x00,0x00,0x00,0x00,0x00,0x00,0x00,0x00,0x00,0x00,0x00,0x00,0x00,
0x00,0x00,0x00,0x00,0x00,0x00,0x00,0x00,0x00,0x00,0x00,0x00,0x00,0x00,0x00,0x00,
0x00,0x00,0x00,0x00,0x00,0x00,0x00,0x00,0x00,0x00,0x00,0x00,0x00,0x00,0x00,0x00,
0x00,0x00,0x00,0x00,0x00,0x00,0x00,0x00,0x00,0x00,0x00,0x00,0x00,0x00,0x00,0x00,
0x00,0x00,0x00,0x00,0x00,0x00,0x00,0x00,0x00,0x00,0x00,0x00,0x00,0x00,0x00,0x00,
0x00,0x00,0x00,0x00,0x00,0x00,0x00,0x00,0x00,0x00,0x00,0x00,0x00,0x00,0x00,0x00,
0x00,0x00,0x00,0x00,0x00,0x00,0x00,0x00,0x00,0x00,0x00,0x00,0x00,0x00,0x00,0x00,
0x00,0x00,0x00,0x00,0x00,0x00,0x00,0x00,0x00,0x00,0x00,0x00,0x00,0x00,0x00,0x00,
0x00,0x00,0x00,0x00,0x00,0x00,0x00,0x00,0x00,0x00,0x00,0x00,0x00,0x00,0x00,0x00,
0x00,0x00,0x00,0x00,0x00,0x00,0x00,0x00,0x00,0x00,0x00,0x00,0x00,0x00,0x00,0x00,
0x00,0x00,0x00,0x00,0x00,0x00,0x00,0x00,0x00,0x00,0x00,0x00,0x00,0x00,0x00,0x00,
0x00,0x00,0x00,0x00,0x00,0x00,0x00,0x00,0x00,0x00,0x00,0x00,0x00,0x00,0x00,0x00,
0x00,0x00,0x00,0x00,0x00,0x00,0x00,0x00,0x00,0x00,0x00,0x00,0x00,0x00,0x00,0x00,
0x00,0x00,0x00,0x00,0x00,0x00,0x00,0x00,0x00,0x00,0x00,0x00,0x00,0x00,0x00,0x00,
0x00,0x00,0x00,0x00,0x00,0x00,0x00,0x00,0x00,0x00,0x00,0x00,0x00,0x00,0x00,0x00,
0x00,0x00,0x00,0x00,0x00,0x00,0x00,0x00,0x00,0x00,0x00,0x00,0x00,0x00,0x00,0x00,
0x00,0x00,0x00,0x00,0x00,0x00,0x00,0x00,0x00,0x00,0x00,0x00,0x00,0x00,0x00,0x00,
0x00,0x00,0x00,0x00,0x00,0x00,0x00,0x00,0x00,0x00,0x00,0x00,0x00,0x00,0x00,0x00,
0x00,0x00,0x00,0x00,0x00,0x00,0x00,0x00,0x00,0x00,0x00,0x00,0x00,0x00,0x00,0x00,
0x00,0x00,0x00,0x00,0x00,0x00,0x00,0x00,0x00,0x00,0x00,0x00,0x00,0x00,0x00,0x00,
0x00,0x00,0x00,0x00,0x00,0x00,0x00,0x00,0x00,0x00,0x00,0x00,0x00,0x00,0x00,0x00,
0x00,0x10,0x00,0x00,0xF3,0x10,0x00,0x00,0x6C,0x8A,0x00,0x00,0x00,0x11,0x00,0x00,
0x21,0x12,0x00,0x00,0x88,0x8A,0x00,0x00,0x30,0x12,0x00,0x00,0x9A,0x12,0x00,0x00,
0x50,0x8A,0x00,0x00,0xA0,0x12,0x00,0x00,0x3F,0x14,0x00,0x00,0x5C,0x8A,0x00,0x00,
0x40,0x14,0x00,0x00,0x77,0x14,0x00,0x00,0xA8,0x8A,0x00,0x00,0x80,0x14,0x00,0x00,
0xB7,0x14,0x00,0x00,0xA8,0x8A,0x00,0x00,0xC0,0x14,0x00,0x00,0xAC,0x17,0x00,0x00,
0xB4,0x8A,0x00,0x00,0x04,0x19,0x00,0x00,0x7B,0x19,0x00,0x00,0xD4,0x8A,0x00,0x00,
0x7C,0x19,0x00,0x00,0x49,0x1B,0x00,0x00,0x0C,0x8B,0x00,0x00,0x4C,0x1B,0x00,0x00,
0xAF,0x1B,0x00,0x00,0xA8,0x8A,0x00,0x00,0xB0,0x1B,0x00,0x00,0x3B,0x1C,0x00,0x00,
0xF8,0x8A,0x00,0x00,0x3C,0x1C,0x00,0x00,0xA7,0x1C,0x00,0x00,0xEC,0x8A,0x00,0x00,
0xA8,0x1C,0x00,0x00,0x16,0x1E,0x00,0x00,0x4C,0x8B,0x00,0x00,0x18,0x1E,0x00,0x00,
0xA6,0x1E,0x00,0x00,0x78,0x8B,0x00,0x00,0xA8,0x1E,0x00,0x00,0x36,0x1F,0x00,0x00,
0x78,0x8B,0x00,0x00,0x38,0x1F,0x00,0x00,0xFF,0x20,0x00,0x00,0x88,0x8B,0x00,0x00,
0x00,0x21,0x00,0x00,0x63,0x21,0x00,0x00,0xA8,0x8A,0x00,0x00,0x64,0x21,0x00,0x00,
0xEF,0x21,0x00,0x00,0xF8,0x8A,0x00,0x00,0xF0,0x21,0x00,0x00,0x41,0x22,0x00,0x00,
0xEC,0x8A,0x00,0x00,0x44,0x22,0x00,0x00,0x80,0x23,0x00,0x00,0xC8,0x8B,0x00,0x00,
0x84,0x23,0x00,0x00,0xB4,0x24,0x00,0x00,0x00,0x8C,0x00,0x00,0xB4,0x24,0x00,0x00,
0x21,0x25,0x00,0x00,0xF4,0x8B,0x00,0x00,0x2C,0x25,0x00,0x00,0xB3,0x25,0x00,0x00,
0x18,0x8C,0x00,0x00,0xB4,0x25,0x00,0x00,0xD6,0x25,0x00,0x00,0x50,0x8A,0x00,0x00,
0xF0,0x25,0x00,0x00,0xE6,0x27,0x00,0x00,0x34,0x8C,0x00,0x00,0xE8,0x27,0x00,0x00,
0x29,0x28,0x00,0x00,0x54,0x8C,0x00,0x00,0x2C,0x28,0x00,0x00,0x05,0x2A,0x00,0x00,
0x88,0x8C,0x00,0x00,0x08,0x2A,0x00,0x00,0x64,0x2A,0x00,0x00,0x60,0x8C,0x00,0x00,
0x64,0x2A,0x00,0x00,0xE3,0x2B,0x00,0x00,0x70,0x8C,0x00,0x00,0xE4,0x2B,0x00,0x00,
0x83,0x2E,0x00,0x00,0xAC,0x8C,0x00,0x00,0x84,0x2E,0x00,0x00,0xEF,0x2E,0x00,0x00,
0x24,0x8D,0x00,0x00,0xF0,0x2E,0x00,0x00,0x08,0x2F,0x00,0x00,0xEC,0x8A,0x00,0x00,
0x08,0x2F,0x00,0x00,0xCC,0x30,0x00,0x00,0xE8,0x8C,0x00,0x00,0xCC,0x30,0x00,0x00,
0x4F,0x31,0x00,0x00,0x60,0x8C,0x00,0x00,0x50,0x31,0x00,0x00,0xDE,0x32,0x00,0x00,
0x08,0x8D,0x00,0x00,0xE0,0x32,0x00,0x00,0x55,0x33,0x00,0x00,0xD4,0x8C,0x00,0x00,
0x58,0x33,0x00,0x00,0x9F,0x33,0x00,0x00,0xEC,0x8A,0x00,0x00,0xA0,0x33,0x00,0x00,
0xE1,0x36,0x00,0x00,0x38,0x8D,0x00,0x00,0xE4,0x36,0x00,0x00,0x28,0x37,0x00,0x00,
0xEC,0x8A,0x00,0x00,0x54,0x37,0x00,0x00,0x38,0x38,0x00,0x00,0xA8,0x8D,0x00,0x00,
0x38,0x38,0x00,0x00,0x32,0x3A,0x00,0x00,0x68,0x8D,0x00,0x00,0x40,0x3A,0x00,0x00,
0x3A,0x3B,0x00,0x00,0x4C,0x8D,0x00,0x00,0x3C,0x3B,0x00,0x00,0xB6,0x3B,0x00,0x00,
0xA8,0x8A,0x00,0x00,0xC0,0x3B,0x00,0x00,0x38,0x3C,0x00,0x00,0x84,0x8D,0x00,0x00,
0x38,0x3C,0x00,0x00,0x7C,0x3C,0x00,0x00,0xEC,0x8A,0x00,0x00,0x7C,0x3C,0x00,0x00,
0xB2,0x3C,0x00,0x00,0xEC,0x8A,0x00,0x00,0xB4,0x3C,0x00,0x00,0x14,0x3D,0x00,0x00,
0x9C,0x8D,0x00,0x00,0x14,0x3D,0x00,0x00,0x36,0x3D,0x00,0x00,0xEC,0x8A,0x00,0x00,
0x38,0x3D,0x00,0x00,0x7A,0x3D,0x00,0x00,0xEC,0x8A,0x00,0x00,0x7C,0x3D,0x00,0x00,
0x8F,0x3D,0x00,0x00,0xEC,0x8A,0x00,0x00,0x90,0x3D,0x00,0x00,0xBC,0x3D,0x00,0x00,
0xEC,0x8A,0x00,0x00,0xBC,0x3D,0x00,0x00,0xE8,0x3D,0x00,0x00,0xEC,0x8A,0x00,0x00,
0xF0,0x3D,0x00,0x00,0xCC,0x3E,0x00,0x00,0xC4,0x8D,0x00,0x00,0xCC,0x3E,0x00,0x00,
0x2D,0x3F,0x00,0x00,0xA8,0x8A,0x00,0x00,0x40,0x3F,0x00,0x00,0x13,0x40,0x00,0x00,
0x58,0x8E,0x00,0x00,0x20,0x40,0x00,0x00,0x91,0x40,0x00,0x00,0x44,0x8E,0x00,0x00,
0x94,0x40,0x00,0x00,0xC9,0x40,0x00,0x00,0x60,0x8C,0x00,0x00,0xCC,0x40,0x00,0x00,
0x73,0x42,0x00,0x00,0x2C,0x8E,0x00,0x00,0x74,0x42,0x00,0x00,0x0C,0x43,0x00,0x00,
0xEC,0x8A,0x00,0x00,0x1C,0x43,0x00,0x00,0x6D,0x43,0x00,0x00,0xEC,0x8A,0x00,0x00,
0x70,0x43,0x00,0x00,0x53,0x44,0x00,0x00,0x14,0x8E,0x00,0x00,0x70,0x44,0x00,0x00,
0xA5,0x44,0x00,0x00,0xEC,0x8A,0x00,0x00,0xD8,0x44,0x00,0x00,0xFB,0x45,0x00,0x00,
0x4C,0x8D,0x00,0x00,0xFC,0x45,0x00,0x00,0x3F,0x47,0x00,0x00,0xE4,0x8D,0x00,0x00,
0x68,0x47,0x00,0x00,0x86,0x47,0x00,0x00,0x80,0x8E,0x00,0x00,0x88,0x47,0x00,0x00,
0xE8,0x47,0x00,0x00,0x80,0x8E,0x00,0x00,0x20,0x48,0x00,0x00,0xD5,0x48,0x00,0x00,
0xB8,0x8E,0x00,0x00,0xF0,0x48,0x00,0x00,0x0E,0x49,0x00,0x00,0x70,0x8E,0x00,0x00,
0x20,0x49,0x00,0x00,0x25,0x49,0x00,0x00,0x78,0x8E,0x00,0x00,0x40,0x49,0x00,0x00,
0x46,0x49,0x00,0x00,0x78,0x8E,0x00,0x00,0x80,0x49,0x00,0x00,0x87,0x4A,0x00,0x00,
0x78,0x8E,0x00,0x00,0xC0,0x4A,0x00,0x00,0x03,0x4B,0x00,0x00,0x90,0x8E,0x00,0x00,
0x40,0x4B,0x00,0x00,0x66,0x4B,0x00,0x00,0xA0,0x8E,0x00,0x00,0x80,0x4B,0x00,0x00,
0x47,0x4C,0x00,0x00,0x78,0x8E,0x00,0x00,0x80,0x4C,0x00,0x00,0x2A,0x4F,0x00,0x00,
0x78,0x8E,0x00,0x00,0x00,0x00,0x00,0x00,0x00,0x00,0x00,0x00,0x00,0x00,0x00,0x00,
0x00,0x00,0x00,0x00,0x00,0x00,0x00,0x00,0x00,0x00,0x00,0x00,0x00,0x00,0x00,0x00,
0x00,0x00,0x00,0x00,0x00,0x00,0x00,0x00,0x00,0x00,0x00,0x00,0x00,0x00,0x00,0x00,
0x00,0x00,0x00,0x00,0x00,0x00,0x00,0x00,0x00,0x00,0x00,0x00,0x00,0x00,0x00,0x00,
0x00,0x00,0x00,0x00,0x00,0x00,0x00,0x00,0x00,0x00,0x00,0x00,0x00,0x00,0x00,0x00,
0x00,0x00,0x00,0x00,0x00,0x00,0x00,0x00,0x00,0x00,0x00,0x00,0x00,0x00,0x00,0x00,
0x00,0x00,0x00,0x00,0x00,0x00,0x00,0x00,0x00,0x00,0x00,0x00,0x00,0x00,0x00,0x00,
0x00,0x00,0x00,0x00,0x00,0x00,0x00,0x00,0x00,0x00,0x00,0x00,0x00,0x00,0x00,0x00,
0x00,0x00,0x00,0x00,0x00,0x00,0x00,0x00,0x00,0x00,0x00,0x00,0x00,0x00,0x00,0x00,
0x00,0x00,0x00,0x00,0x00,0x00,0x00,0x00,0x00,0x00,0x00,0x00,0x00,0x00,0x00,0x00,
0x00,0x00,0x00,0x00,0x00,0x00,0x00,0x00,0x00,0x00,0x00,0x00,0x00,0x00,0x00,0x00,
0x00,0x00,0x00,0x00,0x00,0x00,0x00,0x00,0x00,0x00,0x00,0x00,0x00,0x00,0x00,0x00,
0x00,0x00,0x00,0x00,0x00,0x00,0x00,0x00,0x00,0x00,0x00,0x00,0x00,0x00,0x00,0x00,
0x00,0x00,0x00,0x00,0x00,0x00,0x00,0x00,0x00,0x00,0x00,0x00,0x00,0x00,0x00,0x00,
0x00,0x00,0x00,0x00,0x00,0x00,0x00,0x00,0x00,0x00,0x00,0x00,0x00,0x00,0x00,0x00,
0x00,0x00,0x00,0x00,0x00,0x00,0x00,0x00,0x00,0x00,0x00,0x00,0x00,0x00,0x00,0x00,
0x00,0x00,0x00,0x00,0x00,0x00,0x00,0x00,0x00,0x00,0x00,0x00,0x00,0x00,0x00,0x00,
0x00,0x00,0x00,0x00,0x00,0x00,0x00,0x00,0x00,0x00,0x00,0x00,0x00,0x00,0x00,0x00,
0x00,0x00,0x00,0x00,0x00,0x00,0x00,0x00,0x00,0x00,0x00,0x00,0x00,0x00,0x00,0x00,
0x00,0x00,0x00,0x00,0x00,0x00,0x00,0x00,0x00,0x00,0x00,0x00,0x00,0x00,0x00,0x00,
0x00,0x00,0x00,0x00,0x00,0x00,0x00,0x00,0x00,0x00,0x00,0x00,0x00,0x00,0x00,0x00,
0x00,0x00,0x00,0x00,0x00,0x00,0x00,0x00,0x00,0x00,0x00,0x00,0x00,0x00,0x00,0x00,
0x00,0x00,0x00,0x00,0x00,0x00,0x00,0x00,0x00,0x00,0x00,0x00,0x00,0x00,0x00,0x00,
0x00,0x00,0x00,0x00,0x00,0x00,0x00,0x00,0x00,0x00,0x00,0x00,0x00,0x00,0x00,0x00,
0x00,0x00,0x00,0x00,0x00,0x00,0x00,0x00,0x00,0x00,0x00,0x00,0x00,0x00,0x00,0x00,
0x00,0x00,0x00,0x00,0x00,0x00,0x00,0x00,0x00,0x00,0x00,0x00,0x00,0x00,0x00,0x00,
0x00,0x00,0x00,0x00,0x00,0x00,0x00,0x00,0x00,0x00,0x00,0x00,0x00,0x00,0x00,0x00,
0x00,0x00,0x00,0x00,0x00,0x00,0x00,0x00,0x00,0x00,0x00,0x00,0x00,0x00,0x00,0x00,
0x00,0x00,0x00,0x00,0x00,0x00,0x00,0x00,0x00,0x00,0x00,0x00,0x00,0x00,0x00,0x00,
0x00,0x00,0x00,0x00,0x00,0x00,0x00,0x00,0x00,0x00,0x00,0x00,0x00,0x00,0x00,0x00,
0x00,0x00,0x00,0x00,0x00,0x00,0x00,0x00,0x00,0x00,0x00,0x00,0x00,0x00,0x00,0x00,
0x00,0x00,0x00,0x00,0x00,0x00,0x00,0x00,0x00,0x00,0x00,0x00,0x00,0x00,0x00,0x00,
0x00,0x00,0x00,0x00,0x00,0x00,0x00,0x00,0x00,0x00,0x00,0x00,0x00,0x00,0x00,0x00,
0x00,0x00,0x00,0x00,0x00,0x00,0x00,0x00,0x00,0x00,0x00,0x00,0x00,0x00,0x00,0x00,
0x00,0x00,0x00,0x00,0x00,0x00,0x00,0x00,0x00,0x00,0x00,0x00,0x00,0x00,0x00,0x00,
0x00,0x00,0x00,0x00,0x00,0x00,0x00,0x00,0x00,0x00,0x00,0x00,0x00,0x00,0x00,0x00,
0x00,0x00,0x00,0x00,0x00,0x00,0x00,0x00,0x00,0x00,0x00,0x00,0x00,0x00,0x00,0x00,
0x00,0x00,0x00,0x00,0x00,0x00,0x00,0x00,0x00,0x00,0x00,0x00,0x00,0x00,0x00,0x00,
0x00,0x00,0x00,0x00,0x00,0x00,0x00,0x00,0x00,0x00,0x00,0x00,0x00,0x00,0x00,0x00,
0x00,0x00,0x00,0x00,0x00,0x00,0x00,0x00,0x00,0x00,0x00,0x00,0x00,0x00,0x00,0x00,
0x28,0xD0,0x00,0x00,0x00,0x00,0x00,0x00,0x00,0x00,0x00,0x00,0x00,0xD7,0x00,0x00,
0x00,0x80,0x00,0x00,0x00,0x00,0x00,0x00,0x00,0x00,0x00,0x00,0x00,0x00,0x00,0x00,
0x00,0x00,0x00,0x00,0x00,0x00,0x00,0x00,0x08,0xD2,0x00,0x00,0x00,0x00,0x00,0x00,
0x24,0xD2,0x00,0x00,0x00,0x00,0x00,0x00,0x3C,0xD2,0x00,0x00,0x00,0x00,0x00,0x00,
0x58,0xD2,0x00,0x00,0x00,0x00,0x00,0x00,0x7A,0xD2,0x00,0x00,0x00,0x00,0x00,0x00,
0x86,0xD2,0x00,0x00,0x00,0x00,0x00,0x00,0x98,0xD2,0x00,0x00,0x00,0x00,0x00,0x00,
0xB0,0xD2,0x00,0x00,0x00,0x00,0x00,0x00,0xC2,0xD2,0x00,0x00,0x00,0x00,0x00,0x00,
0xDA,0xD2,0x00,0x00,0x00,0x00,0x00,0x00,0xF0,0xD2,0x00,0x00,0x00,0x00,0x00,0x00,
0x00,0xD3,0x00,0x00,0x00,0x00,0x00,0x00,0x14,0xD3,0x00,0x00,0x00,0x00,0x00,0x00,
0x2A,0xD3,0x00,0x00,0x00,0x00,0x00,0x00,0x40,0xD3,0x00,0x00,0x00,0x00,0x00,0x00,
0x58,0xD3,0x00,0x00,0x00,0x00,0x00,0x00,0x72,0xD3,0x00,0x00,0x00,0x00,0x00,0x00,
0x90,0xD3,0x00,0x00,0x00,0x00,0x00,0x00,0xA8,0xD3,0x00,0x00,0x00,0x00,0x00,0x00,
0xC4,0xD3,0x00,0x00,0x00,0x00,0x00,0x00,0xDA,0xD3,0x00,0x00,0x00,0x00,0x00,0x00,
0xEE,0xD3,0x00,0x00,0x00,0x00,0x00,0x00,0xF8,0xD3,0x00,0x00,0x00,0x00,0x00,0x00,
0x12,0xD4,0x00,0x00,0x00,0x00,0x00,0x00,0x24,0xD4,0x00,0x00,0x00,0x00,0x00,0x00,
0x3C,0xD4,0x00,0x00,0x00,0x00,0x00,0x00,0x50,0xD4,0x00,0x00,0x00,0x00,0x00,0x00,
0x68,0xD4,0x00,0x00,0x00,0x00,0x00,0x00,0x7A,0xD4,0x00,0x00,0x00,0x00,0x00,0x00,
0x8A,0xD4,0x00,0x00,0x00,0x00,0x00,0x00,0x98,0xD4,0x00,0x00,0x00,0x00,0x00,0x00,
0xB2,0xD4,0x00,0x00,0x00,0x00,0x00,0x00,0xCA,0xD4,0x00,0x00,0x00,0x00,0x00,0x00,
0xD8,0xD4,0x00,0x00,0x00,0x00,0x00,0x00,0xE6,0xD4,0x00,0x00,0x00,0x00,0x00,0x00,
0xFE,0xD4,0x00,0x00,0x00,0x00,0x00,0x00,0x14,0xD5,0x00,0x00,0x00,0x00,0x00,0x00,
0x22,0xD5,0x00,0x00,0x00,0x00,0x00,0x00,0x30,0xD5,0x00,0x00,0x00,0x00,0x00,0x00,
0x44,0xD5,0x00,0x00,0x00,0x00,0x00,0x00,0x52,0xD5,0x00,0x00,0x00,0x00,0x00,0x00,
0x6C,0xD5,0x00,0x00,0x00,0x00,0x00,0x00,0x88,0xD5,0x00,0x00,0x00,0x00,0x00,0x00,
0xA0,0xD5,0x00,0x00,0x00,0x00,0x00,0x00,0xB4,0xD5,0x00,0x00,0x00,0x00,0x00,0x00,
0xD4,0xD5,0x00,0x00,0x00,0x00,0x00,0x00,0xF4,0xD5,0x00,0x00,0x00,0x00,0x00,0x00,
0x08,0xD6,0x00,0x00,0x00,0x00,0x00,0x00,0x1E,0xD6,0x00,0x00,0x00,0x00,0x00,0x00,
0x3C,0xD6,0x00,0x00,0x00,0x00,0x00,0x00,0x56,0xD6,0x00,0x00,0x00,0x00,0x00,0x00,
0x62,0xD6,0x00,0x00,0x00,0x00,0x00,0x00,0x78,0xD6,0x00,0x00,0x00,0x00,0x00,0x00,
0x88,0xD6,0x00,0x00,0x00,0x00,0x00,0x00,0xA4,0xD6,0x00,0x00,0x00,0x00,0x00,0x00,
0xC4,0xD6,0x00,0x00,0x00,0x00,0x00,0x00,0xDA,0xD6,0x00,0x00,0x00,0x00,0x00,0x00,
0xEA,0xD6,0x00,0x00,0x00,0x00,0x00,0x00,0xF6,0xD6,0x00,0x00,0x00,0x00,0x00,0x00,
0x00,0x00,0x00,0x00,0x00,0x00,0x00,0x00,0x50,0x09,0x52,0x74,0x6C,0x49,0x6E,0x74,
0x65,0x67,0x65,0x72,0x54,0x6F,0x55,0x6E,0x69,0x63,0x6F,0x64,0x65,0x53,0x74,0x72,
0x69,0x6E,0x67,0x00,0x3A,0x09,0x52,0x74,0x6C,0x49,0x6E,0x69,0x74,0x55,0x6E,0x69,
0x63,0x6F,0x64,0x65,0x53,0x74,0x72,0x69,0x6E,0x67,0x00,0x00,0x0A,0x06,0x4D,0x6D,
0x47,0x65,0x74,0x53,0x79,0x73,0x74,0x65,0x6D,0x52,0x6F,0x75,0x74,0x69,0x6E,0x65,
0x41,0x64,0x64,0x72,0x65,0x73,0x73,0x00,0x56,0x08,0x52,0x74,0x6C,0x41,0x70,0x70,
0x65,0x6E,0x64,0x55,0x6E,0x69,0x63,0x6F,0x64,0x65,0x53,0x74,0x72,0x69,0x6E,0x67,
0x54,0x6F,0x53,0x74,0x72,0x69,0x6E,0x67,0x00,0x00,0x76,0x00,0x44,0x62,0x67,0x50,
0x72,0x69,0x6E,0x74,0x00,0x00,0x43,0x03,0x49,0x6F,0x43,0x72,0x65,0x61,0x74,0x65,
0x44,0x65,0x76,0x69,0x63,0x65,0x00,0x00,0x50,0x03,0x49,0x6F,0x43,0x72,0x65,0x61,
0x74,0x65,0x53,0x79,0x6D,0x62,0x6F,0x6C,0x69,0x63,0x4C,0x69,0x6E,0x6B,0x00,0x00,
0x5D,0x03,0x49,0x6F,0x44,0x65,0x6C,0x65,0x74,0x65,0x44,0x65,0x76,0x69,0x63,0x65,
0x00,0x00,0x5F,0x03,0x49,0x6F,0x44,0x65,0x6C,0x65,0x74,0x65,0x53,0x79,0x6D,0x62,
0x6F,0x6C,0x69,0x63,0x4C,0x69,0x6E,0x6B,0x00,0x00,0x76,0x04,0x49,0x6F,0x66,0x43,
0x6F,0x6D,0x70,0x6C,0x65,0x74,0x65,0x52,0x65,0x71,0x75,0x65,0x73,0x74,0x00,0x00,
0x28,0x09,0x52,0x74,0x6C,0x47,0x65,0x74,0x56,0x65,0x72,0x73,0x69,0x6F,0x6E,0x00,
0xF4,0x04,0x4B,0x65,0x49,0x6E,0x69,0x74,0x69,0x61,0x6C,0x69,0x7A,0x65,0x45,0x76,
0x65,0x6E,0x74,0x00,0xAF,0x00,0x45,0x78,0x41,0x63,0x71,0x75,0x69,0x72,0x65,0x46,
0x61,0x73,0x74,0x4D,0x75,0x74,0x65,0x78,0x00,0x00,0x4C,0x01,0x45,0x78,0x52,0x65,
0x6C,0x65,0x61,0x73,0x65,0x46,0x61,0x73,0x74,0x4D,0x75,0x74,0x65,0x78,0x00,0x00,
0xFB,0x06,0x4F,0x62,0x66,0x44,0x65,0x72,0x65,0x66,0x65,0x72,0x65,0x6E,0x63,0x65,
0x4F,0x62,0x6A,0x65,0x63,0x74,0x00,0x00,0xA6,0x07,0x50,0x73,0x47,0x65,0x74,0x50,
0x72,0x6F,0x63,0x65,0x73,0x73,0x45,0x78,0x69,0x74,0x53,0x74,0x61,0x74,0x75,0x73,
0x00,0x00,0xE9,0x07,0x50,0x73,0x4C,0x6F,0x6F,0x6B,0x75,0x70,0x50,0x72,0x6F,0x63,
0x65,0x73,0x73,0x42,0x79,0x50,0x72,0x6F,0x63,0x65,0x73,0x73,0x49,0x64,0x00,0x00,
0x51,0x0C,0x5F,0x5F,0x43,0x5F,0x73,0x70,0x65,0x63,0x69,0x66,0x69,0x63,0x5F,0x68,
0x61,0x6E,0x64,0x6C,0x65,0x72,0x00,0x00,0xEB,0x07,0x50,0x73,0x4C,0x6F,0x6F,0x6B,
0x75,0x70,0x54,0x68,0x72,0x65,0x61,0x64,0x42,0x79,0x54,0x68,0x72,0x65,0x61,0x64,
0x49,0x64,0x00,0x00,0xC6,0x07,0x50,0x73,0x47,0x65,0x74,0x54,0x68,0x72,0x65,0x61,
0x64,0x50,0x72,0x6F,0x63,0x65,0x73,0x73,0x00,0x00,0xFC,0x00,0x45,0x78,0x46,0x72,
0x65,0x65,0x50,0x6F,0x6F,0x6C,0x57,0x69,0x74,0x68,0x54,0x61,0x67,0x00,0x6A,0x0B,
0x5A,0x77,0x43,0x6C,0x6F,0x73,0x65,0x00,0x2B,0x0C,0x5A,0x77,0x53,0x65,0x74,0x49,
0x6E,0x66,0x6F,0x72,0x6D,0x61,0x74,0x69,0x6F,0x6E,0x54,0x68,0x72,0x65,0x61,0x64,
0x00,0x00,0xDE,0x06,0x4F,0x62,0x47,0x65,0x74,0x4F,0x62,0x6A,0x65,0x63,0x74,0x54,
0x79,0x70,0x65,0x00,0xE6,0x06,0x4F,0x62,0x4F,0x70,0x65,0x6E,0x4F,0x62,0x6A,0x65,
0x63,0x74,0x42,0x79,0x50,0x6F,0x69,0x6E,0x74,0x65,0x72,0x00,0x94,0x0B,0x5A,0x77,
0x44,0x75,0x70,0x6C,0x69,0x63,0x61,0x74,0x65,0x54,0x6F,0x6B,0x65,0x6E,0x00,0x00,
0xC6,0x0B,0x5A,0x77,0x4F,0x70,0x65,0x6E,0x50,0x72,0x6F,0x63,0x65,0x73,0x73,0x54,
0x6F,0x6B,0x65,0x6E,0x45,0x78,0x00,0x00,0xCB,0x00,0x45,0x78,0x41,0x6C,0x6C,0x6F,
0x63,0x61,0x74,0x65,0x50,0x6F,0x6F,0x6C,0x32,0x00,0x77,0x0B,0x5A,0x77,0x43,0x72,
0x65,0x61,0x74,0x65,0x46,0x69,0x6C,0x65,0x00,0x00,0xBD,0x0B,0x5A,0x77,0x4F,0x70,
0x65,0x6E,0x46,0x69,0x6C,0x65,0x00,0x00,0xE8,0x0B,0x5A,0x77,0x51,0x75,0x65,0x72,
0x79,0x49,0x6E,0x66,0x6F,0x72,0x6D,0x61,0x74,0x69,0x6F,0x6E,0x46,0x69,0x6C,0x65,
0x00,0x00,0x25,0x0C,0x5A,0x77,0x53,0x65,0x74,0x49,0x6E,0x66,0x6F,0x72,0x6D,0x61,
0x74,0x69,0x6F,0x6E,0x46,0x69,0x6C,0x65,0x00,0x00,0x04,0x0C,0x5A,0x77,0x52,0x65,
0x61,0x64,0x46,0x69,0x6C,0x65,0x00,0x00,0x4F,0x0C,0x5A,0x77,0x57,0x72,0x69,0x74,
0x65,0x46,0x69,0x6C,0x65,0x00,0xFB,0x08,0x52,0x74,0x6C,0x46,0x72,0x65,0x65,0x55,
0x6E,0x69,0x63,0x6F,0x64,0x65,0x53,0x74,0x72,0x69,0x6E,0x67,0x00,0x00,0x88,0x03,
0x49,0x6F,0x47,0x65,0x74,0x43,0x75,0x72,0x72,0x65,0x6E,0x74,0x50,0x72,0x6F,0x63,
0x65,0x73,0x73,0x00,0xAF,0x0C,0x5F,0x76,0x73,0x6E,0x77,0x70,0x72,0x69,0x6E,0x74,
0x66,0x00,0x77,0x00,0x44,0x62,0x67,0x50,0x72,0x69,0x6E,0x74,0x45,0x78,0x00,0x00,
0xE0,0x04,0x4B,0x65,0x47,0x65,0x74,0x43,0x75,0x72,0x72,0x65,0x6E,0x74,0x49,0x72,
0x71,0x6C,0x00,0x00,0x1A,0x05,0x4B,0x65,0x4C,0x6F,0x77,0x65,0x72,0x49,0x72,0x71,
0x6C,0x00,0xC0,0x04,0x4B,0x65,0x44,0x65,0x6C,0x61,0x79,0x45,0x78,0x65,0x63,0x75,
0x74,0x69,0x6F,0x6E,0x54,0x68,0x72,0x65,0x61,0x64,0x00,0x00,0xB2,0x05,0x4B,0x65,
0x57,0x61,0x69,0x74,0x46,0x6F,0x72,0x4D,0x75,0x6C,0x74,0x69,0x70,0x6C,0x65,0x4F,
0x62,0x6A,0x65,0x63,0x74,0x73,0x00,0x00,0xB4,0x05,0x4B,0x65,0x57,0x61,0x69,0x74,
0x46,0x6F,0x72,0x53,0x69,0x6E,0x67,0x6C,0x65,0x4F,0x62,0x6A,0x65,0x63,0x74,0x00,
0x11,0x05,0x4B,0x65,0x49,0x73,0x45,0x78,0x65,0x63,0x75,0x74,0x69,0x6E,0x67,0x44,
0x70,0x63,0x00,0x00,0x27,0x05,0x4B,0x65,0x51,0x75,0x65,0x72,0x79,0x41,0x63,0x74,
0x69,0x76,0x65,0x50,0x72,0x6F,0x63,0x65,0x73,0x73,0x6F,0x72,0x43,0x6F,0x75,0x6E,
0x74,0x45,0x78,0x00,0xE2,0x04,0x4B,0x65,0x47,0x65,0x74,0x43,0x75,0x72,0x72,0x65,
0x6E,0x74,0x50,0x72,0x6F,0x63,0x65,0x73,0x73,0x6F,0x72,0x4E,0x75,0x6D,0x62,0x65,
0x72,0x45,0x78,0x00,0xDD,0x04,0x4B,0x65,0x47,0x65,0x6E,0x65,0x72,0x69,0x63,0x43,
0x61,0x6C,0x6C,0x44,0x70,0x63,0x00,0x00,0x97,0x05,0x4B,0x65,0x53,0x69,0x67,0x6E,
0x61,0x6C,0x43,0x61,0x6C,0x6C,0x44,0x70,0x63,0x44,0x6F,0x6E,0x65,0x00,0x98,0x05,
0x4B,0x65,0x53,0x69,0x67,0x6E,0x61,0x6C,0x43,0x61,0x6C,0x6C,0x44,0x70,0x63,0x53,
0x79,0x6E,0x63,0x68,0x72,0x6F,0x6E,0x69,0x7A,0x65,0x00,0x00,0xD0,0x07,0x50,0x73,
0x49,0x6E,0x69,0x74,0x69,0x61,0x6C,0x53,0x79,0x73,0x74,0x65,0x6D,0x50,0x72,0x6F,
0x63,0x65,0x73,0x73,0x00,0x00,0x9E,0x0C,0x5F,0x73,0x74,0x72,0x69,0x63,0x6D,0x70,
0x00,0x00,0x34,0x06,0x4D,0x6D,0x50,0x72,0x6F,0x62,0x65,0x41,0x6E,0x64,0x4C,0x6F,
0x63,0x6B,0x50,0x61,0x67,0x65,0x73,0x00,0x4B,0x06,0x4D,0x6D,0x55,0x6E,0x6C,0x6F,
0x63,0x6B,0x50,0x61,0x67,0x65,0x73,0x00,0x38,0x06,0x4D,0x6D,0x50,0x72,0x6F,0x74,
0x65,0x63,0x74,0x4D,0x64,0x6C,0x53,0x79,0x73,0x74,0x65,0x6D,0x41,0x64,0x64,0x72,
0x65,0x73,0x73,0x00,0x20,0x06,0x4D,0x6D,0x4D,0x61,0x70,0x4C,0x6F,0x63,0x6B,0x65,
0x64,0x50,0x61,0x67,0x65,0x73,0x53,0x70,0x65,0x63,0x69,0x66,0x79,0x43,0x61,0x63,
0x68,0x65,0x00,0x00,0x4E,0x06,0x4D,0x6D,0x55,0x6E,0x6D,0x61,0x70,0x4C,0x6F,0x63,
0x6B,0x65,0x64,0x50,0x61,0x67,0x65,0x73,0x00,0x00,0x16,0x03,0x49,0x6F,0x41,0x6C,
0x6C,0x6F,0x63,0x61,0x74,0x65,0x4D,0x64,0x6C,0x00,0x78,0x03,0x49,0x6F,0x46,0x72,
0x65,0x65,0x4D,0x64,0x6C,0x00,0xE6,0x0C,0x73,0x74,0x72,0x6C,0x65,0x6E,0x00,0x00,
0x6E,0x74,0x6F,0x73,0x6B,0x72,0x6E,0x6C,0x2E,0x65,0x78,0x65,0x00,0x00,0x00,0x00,
0x00,0x00,0x00,0x00,0x00,0x00,0x00,0x00,0x00,0x00,0x00,0x00,0x00,0x00,0x00,0x00,
0x00,0x00,0x00,0x00,0x00,0x00,0x00,0x00,0x00,0x00,0x00,0x00,0x00,0x00,0x00,0x00,
0x00,0x00,0x00,0x00,0x00,0x00,0x00,0x00,0x00,0x00,0x00,0x00,0x00,0x00,0x00,0x00,
0x00,0x00,0x00,0x00,0x00,0x00,0x00,0x00,0x00,0x00,0x00,0x00,0x00,0x00,0x00,0x00,
0x00,0x00,0x00,0x00,0x00,0x00,0x00,0x00,0x00,0x00,0x00,0x00,0x00,0x00,0x00,0x00,
0x00,0x00,0x00,0x00,0x00,0x00,0x00,0x00,0x00,0x00,0x00,0x00,0x00,0x00,0x00,0x00,
0x00,0x00,0x00,0x00,0x00,0x00,0x00,0x00,0x00,0x00,0x00,0x00,0x00,0x00,0x00,0x00,
0x00,0x00,0x00,0x00,0x00,0x00,0x00,0x00,0x00,0x00,0x00,0x00,0x00,0x00,0x00,0x00,
0x00,0x00,0x00,0x00,0x00,0x00,0x00,0x00,0x00,0x00,0x00,0x00,0x00,0x00,0x00,0x00,
0x00,0x00,0x00,0x00,0x00,0x00,0x00,0x00,0x00,0x00,0x00,0x00,0x00,0x00,0x00,0x00,
0x00,0x00,0x00,0x00,0x00,0x00,0x00,0x00,0x00,0x00,0x00,0x00,0x00,0x00,0x00,0x00,
0x00,0x00,0x00,0x00,0x00,0x00,0x00,0x00,0x00,0x00,0x00,0x00,0x00,0x00,0x00,0x00,
0x00,0x00,0x00,0x00,0x00,0x00,0x00,0x00,0x00,0x00,0x00,0x00,0x00,0x00,0x00,0x00,
0x00,0x00,0x00,0x00,0x00,0x00,0x00,0x00,0x00,0x00,0x00,0x00,0x00,0x00,0x00,0x00,
0x00,0x00,0x00,0x00,0x00,0x00,0x00,0x00,0x00,0x00,0x00,0x00,0x00,0x00,0x00,0x00,
0x00,0x80,0x00,0x00,0x28,0x00,0x00,0x00,0xE0,0xA1,0xE8,0xA1,0xF0,0xA1,0xF8,0xA1,
0x00,0xA2,0x38,0xA7,0x50,0xA7,0x58,0xA7,0x60,0xA7,0x80,0xA7,0xF8,0xA7,0x00,0xA8,
0x08,0xA8,0x10,0xA8,0x20,0xA8,0x00,0x00,0x00,0x90,0x00,0x00,0x0C,0x00,0x00,0x00,
0x00,0xA0,0x00,0x00,0x00,0x00,0x00,0x00,0x00,0x00,0x00,0x00,0x00,0x00,0x00,0x00,
0x00,0x00,0x00,0x00,0x00,0x00,0x00,0x00,0x00,0x00,0x00,0x00,0x00,0x00,0x00,0x00,
0x00,0x00,0x00,0x00,0x00,0x00,0x00,0x00,0x00,0x00,0x00,0x00,0x00,0x00,0x00,0x00,
0x00,0x00,0x00,0x00,0x00,0x00,0x00,0x00,0x00,0x00,0x00,0x00,0x00,0x00,0x00,0x00,
0x00,0x00,0x00,0x00,0x00,0x00,0x00,0x00,0x00,0x00,0x00,0x00,0x00,0x00,0x00,0x00,
0x00,0x00,0x00,0x00,0x00,0x00,0x00,0x00,0x00,0x00,0x00,0x00,0x00,0x00,0x00,0x00,
0x00,0x00,0x00,0x00,0x00,0x00,0x00,0x00,0x00,0x00,0x00,0x00,0x00,0x00,0x00,0x00,
0x00,0x00,0x00,0x00,0x00,0x00,0x00,0x00,0x00,0x00,0x00,0x00,0x00,0x00,0x00,0x00,
0x00,0x00,0x00,0x00,0x00,0x00,0x00,0x00,0x00,0x00,0x00,0x00,0x00,0x00,0x00,0x00,
0x00,0x00,0x00,0x00,0x00,0x00,0x00,0x00,0x00,0x00,0x00,0x00,0x00,0x00,0x00,0x00,
0x00,0x00,0x00,0x00,0x00,0x00,0x00,0x00,0x00,0x00,0x00,0x00,0x00,0x00,0x00,0x00,
0x00,0x00,0x00,0x00,0x00,0x00,0x00,0x00,0x00,0x00,0x00,0x00,0x00,0x00,0x00,0x00,
0x00,0x00,0x00,0x00,0x00,0x00,0x00,0x00,0x00,0x00,0x00,0x00,0x00,0x00,0x00,0x00,
0x00,0x00,0x00,0x00,0x00,0x00,0x00,0x00,0x00,0x00,0x00,0x00,0x00,0x00,0x00,0x00,
0x00,0x00,0x00,0x00,0x00,0x00,0x00,0x00,0x00,0x00,0x00,0x00,0x00,0x00,0x00,0x00,
0x00,0x00,0x00,0x00,0x00,0x00,0x00,0x00,0x00,0x00,0x00,0x00,0x00,0x00,0x00,0x00,
0x00,0x00,0x00,0x00,0x00,0x00,0x00,0x00,0x00,0x00,0x00,0x00,0x00,0x00,0x00,0x00,
0x00,0x00,0x00,0x00,0x00,0x00,0x00,0x00,0x00,0x00,0x00,0x00,0x00,0x00,0x00,0x00,
0x00,0x00,0x00,0x00,0x00,0x00,0x00,0x00,0x00,0x00,0x00,0x00,0x00,0x00,0x00,0x00,
0x00,0x00,0x00,0x00,0x00,0x00,0x00,0x00,0x00,0x00,0x00,0x00,0x00,0x00,0x00,0x00,
0x00,0x00,0x00,0x00,0x00,0x00,0x00,0x00,0x00,0x00,0x00,0x00,0x00,0x00,0x00,0x00,
0x00,0x00,0x00,0x00,0x00,0x00,0x00,0x00,0x00,0x00,0x00,0x00,0x00,0x00,0x00,0x00,
0x00,0x00,0x00,0x00,0x00,0x00,0x00,0x00,0x00,0x00,0x00,0x00,0x00,0x00,0x00,0x00,
0x00,0x00,0x00,0x00,0x00,0x00,0x00,0x00,0x00,0x00,0x00,0x00,0x00,0x00,0x00,0x00,
0x00,0x00,0x00,0x00,0x00,0x00,0x00,0x00,0x00,0x00,0x00,0x00,0x00,0x00,0x00,0x00,
0x00,0x00,0x00,0x00,0x00,0x00,0x00,0x00,0x00,0x00,0x00,0x00,0x00,0x00,0x00,0x00,
0x00,0x00,0x00,0x00,0x00,0x00,0x00,0x00,0x00,0x00,0x00,0x00,0x00,0x00,0x00,0x00,
0x00,0x00,0x00,0x00,0x00,0x00,0x00,0x00,0x00,0x00,0x00,0x00,0x00,0x00,0x00,0x00,
0x00,0x00,0x00,0x00,0x00,0x00,0x00,0x00,0x00,0x00,0x00,0x00,0x00,0x00,0x00,0x00,
};
static const std::size_t size = sizeof(blob);
} // namespace LongsDriverBlob
#endif // LONGS_DRIVER_BLOB_H
